HOLEID,MGA94_51_Easting,MGA94_51_Northing,RL,Hole_Depth,HoleType,Local_GridID,TENEMENTID,STARTDATE,ENDDATE
23GC02471,419673.24,6780706.16,418.13,17,AC,PAE,M39/322,1/3/2008,1/3/2008
23GC02472,419660.75,6780706.16,418.46,17,AC,PAE,M39/322,1/3/2008,1/3/2008
23GC02473,419648.25,6780706.16,418.89,17,AC,PAE,M39/322,1/3/2008,1/3/2008
23GC02474,419623.26,6780706.16,419.99,23,AC,PAE,M39/322,1/3/2008,1/3/2008
23GC02475,419598.27,6780706.16,422.01,23,AC,PAE,M39/322,1/3/2008,1/3/2008
23GC02476,419585.78,6780706.16,422.75,29,AC,PAE,M39/322,1/3/2008,1/3/2008
23GC02477,419573.28,6780706.16,423.18,29,AC,PAE,M39/322,1/3/2008,1/3/2008
23GC02478,419548.29,6780706.16,423.46,31,AC,PAE,M39/322,1/3/2008,1/3/2008
23GC02479,419535.8,6780706.16,423.58,32,AC,PAE,M39/322,1/3/2008,1/3/2008
23GC02480,419523.3,6780706.16,423.66,33,AC,PAE,M39/322,1/3/2008,1/3/2008
23GC02481,419498.31,6780706.16,423.91,36,AC,PAE,M39/322,1/3/2008,1/3/2008
23GC02519,419673.24,6780681.17,418.18,17,AC,PAE,M39/322,1/3/2008,1/3/2008
23GC02525,419548.29,6780681.17,422.82,31,AC,PAE,M39/322,1/3/2008,1/3/2008
23GC02526,419523.3,6780681.17,423.57,35,AC,PAE,M39/322,1/3/2008,1/3/2008
23GC02527,419498.31,6780681.17,424.33,36,AC,PAE,M39/322,1/3/2008,1/3/2008
23GC02528,419473.32,6780681.17,424.84,35,AC,PAE,M39/322,1/3/2008,1/3/2008
23GC02529,419448.33,6780681.17,425.1,31,AC,PAE,M39/322,1/3/2008,1/3/2008
23GC02530,419423.34,6780681.17,423.97,39,AC,PAE,M39/322,1/3/2008,1/3/2008
23GC02531,419398.35,6780681.17,423.26,31,AC,PAE,M39/322,1/3/2008,1/3/2008
23GC02532,419373.36,6780681.17,422.44,21,AC,PAE,M39/322,1/3/2008,1/3/2008
23GC02533,419348.37,6780681.17,421.21,15,AC,PAE,M39/322,1/3/2008,1/3/2008
23GC02534,419354.57,6780668.68,421.27,16,AC,PAE,M39/322,2/3/2008,2/3/2008
23GC02535,419367.16,6780668.68,421.7,24,AC,PAE,M39/322,1/3/2008,1/3/2008
23GC02536,419379.56,6780668.68,422.33,32,AC,PAE,M39/322,1/3/2008,1/3/2008
23GC02537,419392.15,6780668.68,422.86,32,AC,PAE,M39/322,1/3/2008,1/3/2008
23GC02538,419404.55,6780668.68,423.15,32,AC,PAE,M39/322,1/3/2008,1/3/2008
23GC02562,419673.24,6780656.18,418.31,32,AC,PAE,M39/322,3/3/2008,3/3/2008
23GC02563,419648.25,6780656.18,419.71,24,AC,PAE,M39/322,1/3/2008,1/3/2008
23GC02564,419623.26,6780656.18,421.13,24,AC,PAE,M39/322,1/3/2008,1/3/2008
23GC02565,419598.27,6780656.18,421.81,30,AC,PAE,M39/322,1/3/2008,1/3/2008
23GC02566,419573.28,6780656.18,422.17,32,AC,PAE,M39/322,1/3/2008,1/3/2008
23GC02567,419548.29,6780656.18,421.89,32,AC,PAE,M39/322,1/3/2008,1/3/2008
23GC02568,419373.36,6780656.18,421.53,30,AC,PAE,M39/322,1/3/2008,1/3/2008
23GC02569,419348.37,6780656.18,420.44,16,AC,PAE,M39/322,1/3/2008,1/3/2008
23GC02570,419335.87,6780656.18,420.24,16,AC,PAE,M39/322,1/3/2008,1/3/2008
23GC02571,419329.58,6780643.69,419.86,16,AC,PAE,M39/322,2/3/2008,2/3/2008
23GC02572,419342.17,6780643.69,420.12,16,AC,PAE,M39/322,2/3/2008,2/3/2008
23GC02573,419354.57,6780643.69,420.36,23,AC,PAE,M39/322,2/3/2008,2/3/2008
23GC02574,419367.16,6780643.69,420.78,24,AC,PAE,M39/322,2/3/2008,2/3/2008
23GC02575,419379.56,6780643.69,421.26,32,AC,PAE,M39/322,2/3/2008,2/3/2008
23GC02576,419392.15,6780643.68,421.62,32,AC,PAE,M39/322,2/3/2008,2/3/2008
23GC02577,419404.55,6780643.68,421.65,30,AC,PAE,M39/322,2/3/2008,2/3/2008
23GC02578,419417.14,6780643.68,421.75,32,AC,PAE,M39/322,2/3/2008,2/3/2008
23GC02579,419429.54,6780643.68,422.58,32,AC,PAE,M39/322,1/3/2008,1/3/2008
23GC02580,419442.13,6780643.68,423.16,32,AC,PAE,M39/322,1/3/2008,1/3/2008
23GC02581,419454.53,6780643.68,423.71,32,AC,PAE,M39/322,1/3/2008,1/3/2008
23GC02582,419467.12,6780643.68,424.18,33,AC,PAE,M39/322,1/3/2008,1/3/2008
23GC02583,419479.52,6780643.68,424.63,37,AC,PAE,M39/322,1/3/2008,1/3/2008
23GC02584,419492.11,6780643.68,424.71,36,AC,PAE,M39/322,1/3/2008,1/3/2008
23GC02585,419504.51,6780643.68,424.43,40,AC,PAE,M39/322,1/3/2008,1/3/2008
23GC02586,419517.1,6780643.68,423.67,32,AC,PAE,M39/322,1/3/2008,1/3/2008
23GC02587,419529.5,6780643.68,422.75,35,AC,PAE,M39/322,1/3/2008,1/3/2008
23GC02588,419542.09,6780643.68,421.97,32,AC,PAE,M39/322,1/3/2008,1/3/2008
23GC02589,419554.49,6780643.68,421.32,32,AC,PAE,M39/322,1/3/2008,1/3/2008
23GC02590,419567.08,6780643.68,421.25,32,AC,PAE,M39/322,1/3/2008,1/3/2008
23GC02591,419579.48,6780643.68,421.59,32,AC,PAE,M39/322,1/3/2008,1/3/2008
23GC02592,419592.07,6780643.68,421.61,32,AC,PAE,M39/322,1/3/2008,1/3/2008
23GC02593,419604.47,6780643.68,421.45,32,AC,PAE,M39/322,1/3/2008,1/3/2008
23GC02594,419617.06,6780643.68,421.08,32,AC,PAE,M39/322,1/3/2008,1/3/2008
23GC02595,419629.46,6780643.68,420.77,24,AC,PAE,M39/322,1/3/2008,1/3/2008
23GC02596,419642.05,6780643.68,420.24,24,AC,PAE,M39/322,1/3/2008,1/3/2008
23GC02597,419654.45,6780643.68,419.49,28,AC,PAE,M39/322,1/3/2008,1/3/2008
23GC02598,419667.05,6780643.68,418.47,32,AC,PAE,M39/322,1/3/2008,1/3/2008
23GC02599,419679.44,6780643.68,417.77,32,AC,PAE,M39/322,1/3/2008,1/3/2008
23GC02600,419673.24,6780631.19,418.19,23,AC,PAE,M39/322,2/3/2008,2/3/2008
23GC02601,419648.25,6780631.19,419.62,18,AC,PAE,M39/322,2/3/2008,2/3/2008
23GC02602,419623.26,6780631.19,420.35,25,AC,PAE,M39/322,2/3/2008,2/3/2008
23GC02603,419598.27,6780631.19,421.05,30,AC,PAE,M39/322,2/3/2008,2/3/2008
23GC02604,419573.28,6780631.19,420.46,31,AC,PAE,M39/322,2/3/2008,2/3/2008
23GC02605,419548.29,6780631.19,422.23,34,AC,PAE,M39/322,1/3/2008,1/3/2008
23GC02606,419523.3,6780631.19,423.58,34,AC,PAE,M39/322,1/3/2008,1/3/2008
23GC02607,419498.31,6780631.19,424.64,33,AC,PAE,M39/322,1/3/2008,1/3/2008
23GC02608,419473.32,6780631.19,423.75,27,AC,PAE,M39/322,1/3/2008,1/3/2008
23GC02609,419448.33,6780631.19,422.79,24,AC,PAE,M39/322,1/3/2008,1/3/2008
23GC02610,419423.34,6780631.19,421.62,25,AC,PAE,M39/322,1/3/2008,1/3/2008
23GC02611,419398.35,6780631.19,420.93,31,AC,PAE,M39/322,1/3/2008,1/3/2008
23GC02613,419367.16,6780618.69,420.48,22,AC,PAE,M39/322,2/3/2008,2/3/2008
23GC02614,419379.56,6780618.69,420.53,24,AC,PAE,M39/322,3/3/2008,3/3/2008
23GC02615,419392.15,6780618.69,420.54,24,AC,PAE,M39/322,3/3/2008,3/3/2008
23GC02616,419404.55,6780618.69,420.69,24,AC,PAE,M39/322,3/3/2008,3/3/2008
23GC02617,419417.14,6780618.69,420.87,24,AC,PAE,M39/322,3/3/2008,3/3/2008
23GC02618,419429.54,6780618.69,421.37,24,AC,PAE,M39/322,3/3/2008,3/3/2008
23GC02619,419442.13,6780618.69,421.81,24,AC,PAE,M39/322,3/3/2008,3/3/2008
23GC02620,419454.53,6780618.69,422.29,32,AC,PAE,M39/322,3/3/2008,3/3/2008
23GC02621,419467.12,6780618.69,423.1,33,AC,PAE,M39/322,3/3/2008,3/3/2008
23GC02622,419479.52,6780618.69,423.94,35,AC,PAE,M39/322,3/3/2008,3/3/2008
23GC02623,419492.11,6780618.69,424.55,37,AC,PAE,M39/322,3/3/2008,3/3/2008
23GC02624,419504.51,6780618.69,424.79,38,AC,PAE,M39/322,3/3/2008,3/3/2008
23GC02625,419517.1,6780618.69,424.26,34,AC,PAE,M39/322,3/3/2008,3/3/2008
23GC02626,419529.5,6780618.69,423.55,32,AC,PAE,M39/322,3/3/2008,3/3/2008
23GC02627,419542.09,6780618.69,422.98,34,AC,PAE,M39/322,3/3/2008,3/3/2008
23GC02628,419554.49,6780618.69,422.27,32,AC,PAE,M39/322,3/3/2008,3/3/2008
23GC02629,419567.08,6780618.69,421.38,31,AC,PAE,M39/322,3/3/2008,3/3/2008
23GC02630,419579.48,6780618.69,420.44,32,AC,PAE,M39/322,3/3/2008,3/3/2008
23GC02631,419592.07,6780618.69,420.15,32,AC,PAE,M39/322,3/3/2008,3/3/2008
23GC02632,419604.47,6780618.69,419.98,32,AC,PAE,M39/322,3/3/2008,3/3/2008
23GC02633,419617.06,6780618.69,419.63,24,AC,PAE,M39/322,3/3/2008,3/3/2008
23GC02634,419629.46,6780618.69,419.66,24,AC,PAE,M39/322,3/3/2008,3/3/2008
23GC02635,419642.05,6780618.69,419.56,24,AC,PAE,M39/322,3/3/2008,3/3/2008
23GC02636,419654.45,6780618.69,419.1,24,AC,PAE,M39/322,3/3/2008,3/3/2008
23GC02637,419667.05,6780618.69,418.53,24,AC,PAE,M39/322,3/3/2008,3/3/2008
23GC02638,419679.44,6780618.69,418.23,11,AC,PAE,M39/322,3/3/2008,3/3/2008
23GC02639,419692.04,6780618.69,417.84,16,AC,PAE,M39/322,3/3/2008,3/3/2008
23GC02640,419704.43,6780618.69,417.87,16,AC,PAE,M39/322,3/3/2008,3/3/2008
23GC02641,419698.23,6780606.2,417.96,15,AC,PAE,M39/322,3/3/2008,3/3/2008
23GC02642,419673.24,6780606.2,418.03,23,AC,PAE,M39/322,3/3/2008,3/3/2008
23GC02643,419648.25,6780606.2,418.84,21,AC,PAE,M39/322,3/3/2008,3/3/2008
23GC02644,419623.26,6780606.2,419.1,23,AC,PAE,M39/322,3/3/2008,3/3/2008
23GC02645,419598.27,6780606.2,419.58,30,AC,PAE,M39/322,3/3/2008,3/3/2008
23GC02646,419585.78,6780606.2,420.06,31,AC,PAE,M39/322,3/3/2008,3/3/2008
23GC02647,419573.28,6780606.2,420.92,31,AC,PAE,M39/322,3/3/2008,3/3/2008
23GC02648,419548.29,6780606.2,422.85,31,AC,PAE,M39/322,3/3/2008,3/3/2008
23GC02649,419523.3,6780606.2,424.31,32,AC,PAE,M39/322,3/3/2008,3/3/2008
23GC02650,419498.31,6780606.2,424.59,33,AC,PAE,M39/322,3/3/2008,3/3/2008
23GC02651,419473.32,6780606.2,423.25,32,AC,PAE,M39/322,2/3/2008,2/3/2008
23GC02652,419460.83,6780606.2,422.59,31,AC,PAE,M39/322,2/3/2008,2/3/2008
23GC02653,419448.33,6780606.2,421.84,23,AC,PAE,M39/322,3/3/2008,3/3/2008
23GC02654,419423.34,6780606.2,420.85,20,AC,PAE,M39/322,3/3/2008,3/3/2008
23GC02657,419404.55,6780593.7,420.14,15,AC,PAE,M39/322,3/3/2008,3/3/2008
23GC02658,419417.14,6780593.7,420.39,17,AC,PAE,M39/322,3/3/2008,3/3/2008
23GC02659,419429.54,6780593.7,420.93,20,AC,PAE,M39/322,3/3/2008,3/3/2008
23GC02660,419442.13,6780593.7,421.4,23,AC,PAE,M39/322,3/3/2008,3/3/2008
23GC02661,419454.53,6780593.7,421.89,25,AC,PAE,M39/322,3/3/2008,3/3/2008
23GC02662,419467.12,6780593.7,422.05,30,AC,PAE,M39/322,3/3/2008,3/3/2008
23GC02663,419479.52,6780593.7,422.26,31,AC,PAE,M39/322,3/3/2008,3/3/2008
23GC02664,419492.11,6780593.7,423.44,31,AC,PAE,M39/322,3/3/2008,3/3/2008
23GC02665,419504.51,6780593.7,424.47,35,AC,PAE,M39/322,3/3/2008,3/3/2008
23GC02666,419517.1,6780593.7,424.66,35,AC,PAE,M39/322,3/3/2008,3/3/2008
23GC02667,419529.5,6780593.7,424.26,31,AC,PAE,M39/322,3/3/2008,3/3/2008
23GC02668,419542.09,6780593.7,423.38,31,AC,PAE,M39/322,3/3/2008,3/3/2008
23GC02669,419554.49,6780593.7,422.51,31,AC,PAE,M39/322,3/3/2008,3/3/2008
23GC02670,419567.08,6780593.7,421.56,31,AC,PAE,M39/322,3/3/2008,3/3/2008
23GC02671,419579.48,6780593.7,420.55,30,AC,PAE,M39/322,3/3/2008,3/3/2008
23GC02672,419592.07,6780593.7,419.84,30,AC,PAE,M39/322,3/3/2008,3/3/2008
23GC02673,419604.47,6780593.7,419.49,31,AC,PAE,M39/322,3/3/2008,3/3/2008
23GC02674,419617.06,6780593.7,419.29,30,AC,PAE,M39/322,3/3/2008,3/3/2008
23GC02675,419629.46,6780593.7,418.98,23,AC,PAE,M39/322,3/3/2008,3/3/2008
23GC02676,419642.05,6780593.7,418.54,23,AC,PAE,M39/322,3/3/2008,3/3/2008
23GC02677,419654.45,6780593.7,418.32,25,AC,PAE,M39/322,3/3/2008,3/3/2008
23GC02678,419667.05,6780593.7,417.89,23,AC,PAE,M39/322,3/3/2008,3/3/2008
23GC02679,419679.44,6780593.7,417.66,23,AC,PAE,M39/322,3/3/2008,3/3/2008
23GC02680,419692.04,6780593.7,417.6,19,AC,PAE,M39/322,3/3/2008,3/3/2008
23GC02682,419710.73,6780581.21,417.22,16,AC,PAE,M39/322,3/3/2008,3/3/2008
23GC02683,419698.23,6780581.21,417.25,19,AC,PAE,M39/322,3/3/2008,3/3/2008
23GC02684,419673.24,6780581.21,417.89,24,AC,PAE,M39/322,3/3/2008,3/3/2008
23GC02685,419648.25,6780581.21,418.6,24,AC,PAE,M39/322,3/3/2008,3/3/2008
23GC02686,419623.26,6780581.21,419.4,24,AC,PAE,M39/322,3/3/2008,3/3/2008
23GC02687,419598.27,6780581.21,420.06,31,AC,PAE,M39/322,3/3/2008,3/3/2008
23GC02688,419585.78,6780581.21,420.47,32,AC,PAE,M39/322,3/3/2008,3/3/2008
23GC02689,419573.28,6780581.21,421.25,32,AC,PAE,M39/322,3/3/2008,3/3/2008
23GC02690,419548.29,6780581.21,423.03,34,AC,PAE,M39/322,3/3/2008,3/3/2008
23GC02691,419523.3,6780581.21,424.41,34,AC,PAE,M39/322,3/3/2008,3/3/2008
23GC02692,419498.31,6780581.21,423.75,32,AC,PAE,M39/322,3/3/2008,3/3/2008
23GC02693,419473.32,6780581.21,421.38,25,AC,PAE,M39/322,3/3/2008,3/3/2008
23GC02694,419448.33,6780581.21,420.94,24,AC,PAE,M39/322,3/3/2008,3/3/2008
23GC02695,419423.34,6780581.21,420.18,21,AC,PAE,M39/322,3/3/2008,3/3/2008
23GC02696,419398.35,6780581.21,419.89,16,AC,PAE,M39/322,3/3/2008,3/3/2008
23GC02697,419392.15,6780568.71,418.6,16,AC,PAE,M39/322,3/3/2008,3/3/2008
23GC02699,419417.14,6780568.71,419.65,16,AC,PAE,M39/322,3/3/2008,3/3/2008
23GC02700,419429.54,6780568.71,419.72,20,AC,PAE,M39/322,3/3/2008,3/3/2008
23GC02701,419442.13,6780568.71,420.26,32,AC,PAE,M39/322,3/3/2008,3/3/2008
23GC02702,419454.53,6780568.71,420.53,32,AC,PAE,M39/322,3/3/2008,3/3/2008
23GC02703,419467.12,6780568.71,420.79,28,AC,PAE,M39/322,3/3/2008,3/3/2008
23GC02704,419479.52,6780568.71,421.86,24,AC,PAE,M39/322,3/3/2008,3/3/2008
23GC02705,419492.11,6780568.71,422.84,29,AC,PAE,M39/322,3/3/2008,3/3/2008
23GC02706,419504.51,6780568.71,423.81,32,AC,PAE,M39/322,3/3/2008,3/3/2008
23GC02707,419517.1,6780568.71,424.21,32,AC,PAE,M39/322,3/3/2008,3/3/2008
23GC02708,419529.5,6780568.71,423.67,36,AC,PAE,M39/322,3/3/2008,3/3/2008
23GC02709,419542.09,6780568.71,423.07,36,AC,PAE,M39/322,3/3/2008,3/3/2008
23GC02710,419554.49,6780568.71,422.44,32,AC,PAE,M39/322,4/3/2008,4/3/2008
23GC02711,419567.08,6780568.71,421.86,32,AC,PAE,M39/322,4/3/2008,4/3/2008
23GC02712,419579.48,6780568.71,421.32,32,AC,PAE,M39/322,4/3/2008,4/3/2008
23GC02713,419592.07,6780568.71,420.7,32,AC,PAE,M39/322,4/3/2008,4/3/2008
23GC02714,419604.47,6780568.71,420.04,30,AC,PAE,M39/322,4/3/2008,4/3/2008
23GC02715,419617.06,6780568.71,419.64,32,AC,PAE,M39/322,4/3/2008,4/3/2008
23GC02716,419629.46,6780568.71,419.23,32,AC,PAE,M39/322,4/3/2008,4/3/2008
23GC02717,419642.05,6780568.71,418.85,24,AC,PAE,M39/322,4/3/2008,4/3/2008
23GC02718,419654.45,6780568.71,418.71,24,AC,PAE,M39/322,4/3/2008,4/3/2008
23GC02719,419667.05,6780568.71,418.7,24,AC,PAE,M39/322,4/3/2008,4/3/2008
23GC02720,419679.44,6780568.71,418.45,24,AC,PAE,M39/322,4/3/2008,4/3/2008
23GC02721,419692.04,6780568.71,417.88,16,AC,PAE,M39/322,4/3/2008,4/3/2008
23GC02722,419704.43,6780568.71,417.31,16,AC,PAE,M39/322,4/3/2008,4/3/2008
23GC02723,419717.03,6780568.71,416.93,16,AC,PAE,M39/322,4/3/2008,4/3/2008
23GC02724,419698.23,6780556.22,418.38,12,AC,PAE,M39/322,3/3/2008,3/3/2008
23GC02725,419673.24,6780556.22,419.21,23,AC,PAE,M39/322,3/3/2008,3/3/2008
23GC02726,419648.25,6780556.22,418.36,29,AC,PAE,M39/322,4/3/2008,4/3/2008
23GC02727,419623.26,6780556.22,419.05,31,AC,PAE,M39/322,4/3/2008,4/3/2008
23GC02728,419598.27,6780556.22,420.15,29,AC,PAE,M39/322,4/3/2008,4/3/2008
23GC02729,419573.28,6780556.22,421.48,31,AC,PAE,M39/322,4/3/2008,4/3/2008
23GC02730,419548.29,6780556.22,422.4,35,AC,PAE,M39/322,4/3/2008,4/3/2008
23GC02731,419523.3,6780556.22,423.49,34,AC,PAE,M39/322,4/3/2008,4/3/2008
23GC02732,419498.31,6780556.22,423.06,31,AC,PAE,M39/322,4/3/2008,4/3/2008
23GC02733,419473.32,6780556.22,421.24,31,AC,PAE,M39/322,4/3/2008,4/3/2008
23GC02734,419448.33,6780556.22,419.96,28,AC,PAE,M39/322,4/3/2008,4/3/2008
23GC02735,419423.34,6780556.22,419.2,21,AC,PAE,M39/322,4/3/2008,4/3/2008
23GC02736,419404.55,6780543.72,418.88,8,AC,PAE,M39/322,5/3/2008,5/3/2008
23GC02737,419417.14,6780543.72,418.86,16,AC,PAE,M39/322,5/3/2008,5/3/2008
23GC02738,419429.54,6780543.72,419.19,16,AC,PAE,M39/322,5/3/2008,5/3/2008
23GC02739,419442.13,6780543.72,419.64,24,AC,PAE,M39/322,5/3/2008,5/3/2008
23GC02740,419454.53,6780543.72,420.02,24,AC,PAE,M39/322,5/3/2008,5/3/2008
23GC02741,419467.12,6780543.72,420.61,32,AC,PAE,M39/322,5/3/2008,5/3/2008
23GC02742,419479.52,6780543.72,421.42,33,AC,PAE,M39/322,4/3/2008,4/3/2008
23GC02743,419492.11,6780543.72,422.22,34,AC,PAE,M39/322,4/3/2008,4/3/2008
23GC02744,419504.51,6780543.72,423.02,34,AC,PAE,M39/322,4/3/2008,4/3/2008
23GC02745,419517.1,6780543.72,423.19,34,AC,PAE,M39/322,4/3/2008,4/3/2008
23GC02746,419529.5,6780543.72,422.79,34,AC,PAE,M39/322,4/3/2008,4/3/2008
23GC02747,419542.09,6780543.72,422.27,32,AC,PAE,M39/322,4/3/2008,4/3/2008
23GC02748,419554.49,6780543.72,421.63,33,AC,PAE,M39/322,4/3/2008,4/3/2008
23GC02749,419567.08,6780543.72,421.09,34,AC,PAE,M39/322,4/3/2008,4/3/2008
23GC02750,419579.48,6780543.72,420.58,32,AC,PAE,M39/322,4/3/2008,4/3/2008
23GC02751,419592.07,6780543.72,420.01,32,AC,PAE,M39/322,4/3/2008,4/3/2008
23GC02752,419604.47,6780543.72,419.36,32,AC,PAE,M39/322,4/3/2008,4/3/2008
23GC02753,419617.06,6780543.72,418.54,32,AC,PAE,M39/322,4/3/2008,4/3/2008
23GC02754,419629.46,6780543.72,418.24,32,AC,PAE,M39/322,4/3/2008,4/3/2008
23GC02755,419642.05,6780543.72,418.1,24,AC,PAE,M39/322,4/3/2008,4/3/2008
23GC02756,419654.45,6780543.72,418.44,24,AC,PAE,M39/322,4/3/2008,4/3/2008
23GC02757,419667.05,6780543.72,419.06,16,AC,PAE,M39/322,4/3/2008,4/3/2008
23GC02758,419679.44,6780543.72,419.97,24,AC,PAE,M39/322,4/3/2008,4/3/2008
23GC02759,419692.04,6780543.72,419.45,24,AC,PAE,M39/322,4/3/2008,4/3/2008
23GC02760,419704.43,6780543.72,418.59,24,AC,PAE,M39/322,4/3/2008,4/3/2008
23GC02761,419717.03,6780543.72,417.62,26,AC,PAE,M39/322,4/3/2008,4/3/2008
23GC02762,419698.23,6780531.23,419.2,21,AC,PAE,M39/322,4/3/2008,4/3/2008
23GC02763,419673.24,6780531.23,419.94,20,AC,PAE,M39/322,4/3/2008,4/3/2008
23GC02764,419648.25,6780531.23,418.26,21,AC,PAE,M39/322,4/3/2008,4/3/2008
23GC02765,419623.26,6780531.23,417.85,29,AC,PAE,M39/322,4/3/2008,4/3/2008
23GC02766,419598.27,6780531.23,419.23,31,AC,PAE,M39/322,4/3/2008,4/3/2008
23GC02767,419573.28,6780531.23,420.21,32,AC,PAE,M39/322,4/3/2008,4/3/2008
23GC02768,419548.29,6780531.23,421.51,32,AC,PAE,M39/322,4/3/2008,4/3/2008
23GC02769,419523.3,6780531.23,422.87,31,AC,PAE,M39/322,4/3/2008,4/3/2008
23GC02770,419498.31,6780531.23,422.4,31,AC,PAE,M39/322,4/3/2008,4/3/2008
23GC02771,419473.32,6780531.23,420.75,30,AC,PAE,M39/322,4/3/2008,4/3/2008
23GC02772,419435.83,6780531.23,419.24,20,AC,PAE,M39/322,4/3/2008,4/3/2008
23GC02773,419410.84,6780531.23,418.72,15,AC,PAE,M39/322,4/3/2008,4/3/2008
23GC02774,419417.14,6780518.73,418.56,10,AC,PAE,M39/322,5/3/2008,5/3/2008
23GC02775,419442.13,6780518.73,419.51,15,AC,PAE,M39/322,5/3/2008,5/3/2008
23GC02776,419467.12,6780518.73,420.61,23,AC,PAE,M39/322,5/3/2008,5/3/2008
23GC02777,419479.52,6780518.73,421.59,30,AC,PAE,M39/322,5/3/2008,5/3/2008
23GC02778,419492.11,6780518.73,422.4,32,AC,PAE,M39/322,5/3/2008,5/3/2008
23GC02779,419504.51,6780518.73,422.89,31,AC,PAE,M39/322,5/3/2008,5/3/2008
23GC02780,419517.1,6780518.73,422.92,31,AC,PAE,M39/322,5/3/2008,5/3/2008
23GC02781,419529.5,6780518.73,422.42,31,AC,PAE,M39/322,5/3/2008,5/3/2008
23GC02782,419542.09,6780518.73,421.76,36,AC,PAE,M39/322,5/3/2008,5/3/2008
23GC02783,419554.49,6780518.73,420.94,31,AC,PAE,M39/322,5/3/2008,5/3/2008
23GC02784,419567.08,6780518.73,419.87,28,AC,PAE,M39/322,5/3/2008,5/3/2008
23GC02785,419579.48,6780518.73,419.28,29,AC,PAE,M39/322,5/3/2008,5/3/2008
23GC02786,419592.07,6780518.73,418.87,29,AC,PAE,M39/322,5/3/2008,5/3/2008
23GC02787,419604.47,6780518.73,418.4,26,AC,PAE,M39/322,5/3/2008,5/3/2008
23GC02788,419617.06,6780518.73,417.75,23,AC,PAE,M39/322,5/3/2008,5/3/2008
23GC02789,419629.46,6780518.73,417.56,23,AC,PAE,M39/322,5/3/2008,5/3/2008
23GC02790,419654.45,6780518.73,419.52,23,AC,PAE,M39/322,5/3/2008,5/3/2008
23GC02791,419667.05,6780518.73,420.16,23,AC,PAE,M39/322,5/3/2008,5/3/2008
23GC02792,419679.44,6780518.73,420.07,21,AC,PAE,M39/322,4/3/2008,4/3/2008
23GC02793,419692.04,6780518.73,419.27,22,AC,PAE,M39/322,4/3/2008,4/3/2008
23GC02794,419704.43,6780518.73,418.22,18,AC,PAE,M39/322,4/3/2008,4/3/2008
23GC02795,419717.03,6780518.73,417.16,22,AC,PAE,M39/322,4/3/2008,4/3/2008
23GC02796,419698.23,6780506.24,418.11,16,AC,PAE,M39/322,5/3/2008,5/3/2008
23GC02797,419673.24,6780506.24,419.95,24,AC,PAE,M39/322,5/3/2008,5/3/2008
23GC02798,419648.25,6780506.24,419.09,24,AC,PAE,M39/322,5/3/2008,5/3/2008
23GC02799,419623.26,6780506.24,417.33,16,AC,PAE,M39/322,5/3/2008,5/3/2008
23GC02800,419598.27,6780506.24,418.42,24,AC,PAE,M39/322,5/3/2008,5/3/2008
23GC02801,419573.28,6780506.24,419.2,28,AC,PAE,M39/322,5/3/2008,5/3/2008
23GC02802,419548.29,6780506.24,421.32,32,AC,PAE,M39/322,5/3/2008,5/3/2008
23GC02803,419523.3,6780506.24,422.39,34,AC,PAE,M39/322,5/3/2008,5/3/2008
23GC02804,419498.31,6780506.24,422.84,37,AC,PAE,M39/322,5/3/2008,5/3/2008
23GC02805,419473.32,6780506.24,421.34,24,AC,PAE,M39/322,5/3/2008,5/3/2008
23GC02806,419448.33,6780506.24,419.59,16,AC,PAE,M39/322,5/3/2008,5/3/2008
23GC02807,419423.34,6780506.24,418.77,8,AC,PAE,M39/322,5/3/2008,5/3/2008
23GC02808,419429.54,6780493.74,418.56,16,AC,PAE,M39/322,5/3/2008,5/3/2008
23GC02809,419442.13,6780493.74,419.09,16,AC,PAE,M39/322,5/3/2008,5/3/2008
23GC02810,419467.12,6780493.74,420.63,16,AC,PAE,M39/322,5/3/2008,5/3/2008
23GC02811,419479.52,6780493.74,421.66,29,AC,PAE,M39/322,5/3/2008,5/3/2008
23GC02812,419492.11,6780493.74,422.44,32,AC,PAE,M39/322,5/3/2008,5/3/2008
23GC02813,419504.51,6780493.74,422.43,32,AC,PAE,M39/322,5/3/2008,5/3/2008
23GC02814,419517.1,6780493.74,422.04,24,AC,PAE,M39/322,5/3/2008,5/3/2008
23GC02815,419529.5,6780493.74,421.71,24,AC,PAE,M39/322,5/3/2008,5/3/2008
23GC02816,419542.09,6780493.74,421.08,24,AC,PAE,M39/322,7/3/2008,7/3/2008
23GC02817,419554.49,6780493.74,420.26,24,AC,PAE,M39/322,7/3/2008,7/3/2008
23GC02818,419567.08,6780493.74,419.15,24,AC,PAE,M39/322,7/3/2008,7/3/2008
23GC02819,419579.48,6780493.74,418.33,24,AC,PAE,M39/322,7/3/2008,7/3/2008
23GC02820,419592.07,6780493.74,417.98,24,AC,PAE,M39/322,7/3/2008,7/3/2008
23GC02821,419604.47,6780493.74,417.72,16,AC,PAE,M39/322,8/3/2008,8/3/2008
23GC02822,419617.06,6780493.74,417.26,16,AC,PAE,M39/322,8/3/2008,8/3/2008
23GC02823,419629.46,6780493.74,417.22,16,AC,PAE,M39/322,8/3/2008,8/3/2008
23GC02824,419642.05,6780493.74,418.12,16,AC,PAE,M39/322,8/3/2008,8/3/2008
23GC02825,419654.45,6780493.74,418.99,24,AC,PAE,M39/322,8/3/2008,8/3/2008
23GC02826,419667.05,6780493.74,419.21,24,AC,PAE,M39/322,8/3/2008,8/3/2008
23GC02827,419679.44,6780493.74,418.3,16,AC,PAE,M39/322,8/3/2008,8/3/2008
23GC02828,419692.04,6780493.74,417.31,16,AC,PAE,M39/322,5/3/2008,5/3/2008
23GC02829,419704.43,6780493.74,416.75,16,AC,PAE,M39/322,5/3/2008,5/3/2008
23GC02830,419635.76,6780481.25,417.46,16,AC,PAE,M39/322,5/3/2008,5/3/2008
23GC02831,419598.27,6780481.25,417.65,16,AC,PAE,M39/322,5/3/2008,5/3/2008
23GC02832,419573.28,6780481.25,418.49,16,AC,PAE,M39/322,5/3/2008,5/3/2008
23GC02833,419548.29,6780481.25,419.94,16,AC,PAE,M39/322,5/3/2008,5/3/2008
23GC02834,419523.3,6780481.25,420.89,22,AC,PAE,M39/322,5/3/2008,5/3/2008
23GC02835,419498.31,6780481.25,421.81,24,AC,PAE,M39/322,5/3/2008,5/3/2008
23GC02836,419473.32,6780481.25,420.77,20,AC,PAE,M39/322,5/3/2008,5/3/2008
23GC02837,419448.33,6780481.25,418.79,16,AC,PAE,M39/322,5/3/2008,5/3/2008
23GC02838,419454.53,6780468.75,418.81,10,AC,PAE,M39/322,5/3/2008,5/3/2008
23GC02839,419467.12,6780468.75,419.53,15,AC,PAE,M39/322,5/3/2008,5/3/2008
23GC02840,419479.52,6780468.75,420.46,20,AC,PAE,M39/322,5/3/2008,5/3/2008
23GC02841,419492.11,6780468.75,420.77,23,AC,PAE,M39/322,5/3/2008,5/3/2008
23GC02842,419504.51,6780468.75,420.71,23,AC,PAE,M39/322,5/3/2008,5/3/2008
23GC02843,419517.1,6780468.75,420.15,20,AC,PAE,M39/322,5/3/2008,5/3/2008
23GC02844,419529.5,6780468.75,419.63,15,AC,PAE,M39/322,6/3/2008,6/3/2008
23GC02845,419542.09,6780468.75,419.15,15,AC,PAE,M39/322,6/3/2008,6/3/2008
23GC02846,419554.49,6780468.75,418.72,14,AC,PAE,M39/322,6/3/2008,6/3/2008
23GC02847,419567.08,6780468.75,418.26,15,AC,PAE,M39/322,6/3/2008,6/3/2008
23GC02848,419579.48,6780468.75,417.71,15,AC,PAE,M39/322,6/3/2008,6/3/2008
23GC02849,419523.3,6780456.26,419.28,16,AC,PAE,M39/322,5/3/2008,5/3/2008
23GC02850,419510.81,6780456.26,419.66,24,AC,PAE,M39/322,5/3/2008,5/3/2008
23GC02851,419498.31,6780456.26,419.89,22,AC,PAE,M39/322,6/3/2008,6/3/2008
23GC02852,419473.32,6780456.26,419.37,24,AC,PAE,M39/322,6/3/2008,6/3/2008
23GC02853,419467.12,6780443.76,418.67,16,AC,PAE,M39/322,6/3/2008,6/3/2008
23GC02854,419479.52,6780443.76,418.87,24,AC,PAE,M39/322,6/3/2008,6/3/2008
23GC02855,419492.11,6780443.76,418.94,24,AC,PAE,M39/322,6/3/2008,6/3/2008
23GC02856,419504.51,6780443.76,418.87,20,AC,PAE,M39/322,6/3/2008,6/3/2008
23GC02857,419517.1,6780443.76,418.67,17,AC,PAE,M39/322,6/3/2008,6/3/2008
23GC02858,419529.5,6780443.76,418.44,15,AC,PAE,M39/322,6/3/2008,6/3/2008
23GC02901,419255.3,6781755.77,418.14,18,RC,PAE,M39/322,8/3/2008,8/3/2008
23GC02902,419118.35,6781717.06,422.58,23,RC,PAE,M39/714,6/3/2008,6/3/2008
23GC02903,419123.16,6781703.79,424.03,42,RC,PAE,M39/714,7/3/2008,7/3/2008
23GC02904,419147.66,6781706.94,423.5,30,RC,PAE,M39/714,6/3/2008,6/3/2008
23GC02905,419198.54,6781706.14,421.47,20,RC,PAE,M39/322,6/3/2008,6/3/2008
23GC02906,419133.72,6781705.92,423.92,33,RC,PAE,M39/714,6/3/2008,6/3/2008
23GC02907,419179.5,6781693.35,423.02,31,RC,PAE,M39/714,7/3/2008,7/3/2008
23GC02908,419192.98,6781693.58,422.4,31,RC,PAE,M39/322,7/3/2008,7/3/2008
23GC02910,419142.2,6781667.65,427.49,35,RC,PAE,M39/714,7/3/2008,7/3/2008
23GC02911,419154,6781668.18,426.85,31,RC,PAE,M39/714,7/3/2008,7/3/2008
23GC02912,419167.54,6781668.63,425.52,27,RC,PAE,M39/714,7/3/2008,7/3/2008
23GC02913,419156.03,6781643.21,426.66,40,RC,PAE,M39/714,8/3/2008,8/3/2008
23GC02914,419166.38,6781643.6,425.88,39,RC,PAE,M39/714,7/3/2008,7/3/2008
23GC02915,419132.68,6781641.57,427.44,27,RC,PAE,M39/714,8/3/2008,8/3/2008
23GC02916,419143.45,6781642.5,427.36,37,RC,PAE,M39/714,8/3/2008,8/3/2008
23GC02917,419110.35,6781632.7,424.47,24,RC,PAE,M39/714,8/3/2008,8/3/2008
23GC02918,419119.16,6781616.67,426.79,24,RC,PAE,M39/714,8/3/2008,8/3/2008
23GC02919,419177.25,6781593.25,425.81,40,RC,PAE,M39/714,8/3/2008,8/3/2008
23GC02920,419189.11,6781567.27,425.33,43,RC,PAE,M39/714,8/3/2008,8/3/2008
23GC02921,419204.46,6781568.79,424.8,38,RC,PAE,M39/322,8/3/2008,8/3/2008
23GC02922,419218.15,6781568.35,423.11,36,RC,PAE,M39/322,8/3/2008,8/3/2008
23GC02923,419210.89,6781557.91,424.98,30,RC,PAE,M39/322,8/3/2008,8/3/2008
23GC02924,419199.18,6781555.92,425.52,36,RC,PAE,M39/322,8/3/2008,8/3/2008
23GC02925,418971.81,6781542.55,425.14,24,RC,PAE,M39/715,7/3/2008,7/3/2008
23GC02926,418986.81,6781544.79,424.93,24,RC,PAE,M39/715,7/3/2008,7/3/2008
23GC02927,419001.43,6781545.49,425.19,24,RC,PAE,M39/715,7/3/2008,7/3/2008
23GC02928,419013.93,6781543.5,425.95,24,RC,PAE,M39/715,7/3/2008,7/3/2008
23GC02929,419026.26,6781542.92,426.65,24,RC,PAE,M39/715,7/3/2008,7/3/2008
23GC02930,418952.74,6781537.6,425.63,24,RC,PAE,M39/715,7/3/2008,7/3/2008
23GC02931,418966.9,6781533.11,425.64,24,RC,PAE,M39/715,7/3/2008,7/3/2008
23GC02932,418981.59,6781533.1,425.73,24,RC,PAE,M39/715,7/3/2008,7/3/2008
23GC02933,418995.98,6781532.95,426.03,24,RC,PAE,M39/715,7/3/2008,7/3/2008
23GC02934,419311.79,6781532.43,422.99,24,RC,PAE,M39/322,8/3/2008,8/3/2008
23GC02935,419012.6,6781531.29,426.61,24,RC,PAE,M39/715,7/3/2008,7/3/2008
23GC02936,419111.88,6781504.98,425.21,32,RC,PAE,M39/714,7/3/2008,7/3/2008
23GC02937,419098.33,6781505.51,425.82,32,RC,PAE,M39/714,7/3/2008,7/3/2008
23GC02938,418934.97,6781482.92,425.96,24,RC,PAE,M39/715,8/3/2008,8/3/2008
23GC02939,419286.49,6781482.67,427.05,32,RC,PAE,M39/322,8/3/2008,8/3/2008
23GC02940,419297.77,6781482.86,426.49,28,RC,PAE,M39/322,8/3/2008,8/3/2008
23GC02941,419111.96,6781482.03,424.33,24,RC,PAE,M39/714,7/3/2008,7/3/2008
23GC02942,418921.4,6781454.69,426.37,32,RC,PAE,M39/715,8/3/2008,8/3/2008
23GC02943,418918.77,6781445.21,426.21,28,RC,PAE,M39/715,7/3/2008,7/3/2008
23GC02944,418930.85,6781445.3,426.89,32,RC,PAE,M39/715,7/3/2008,7/3/2008
23GC02945,418953.62,6781442.13,427.33,48,RC,PAE,M39/715,7/3/2008,7/3/2008
23GC02946,418965.57,6781442.65,427.14,48,RC,PAE,M39/715,7/3/2008,7/3/2008
23GC02947,418666.83,6781428.37,424.61,20,RC,PAE,M39/715,8/3/2008,8/3/2008
23GC02948,418673.41,6781430.94,424.73,20,RC,PAE,M39/715,8/3/2008,8/3/2008
23GC02949,419348.35,6781432.48,422.39,32,RC,PAE,M39/322,8/3/2008,8/3/2008
23GC02950,419359.64,6781432.67,421.19,28,RC,PAE,M39/322,8/3/2008,8/3/2008
23GC02951,418912.24,6781430.79,426.08,36,RC,PAE,M39/715,8/3/2008,8/3/2008
23GC02952,418647.75,6781419.91,424.29,16,RC,PAE,M39/715,8/3/2008,8/3/2008
23GC02953,418659.2,6781420.56,424.46,16,RC,PAE,M39/715,8/3/2008,8/3/2008
23GC02954,419355.74,6781420.69,421.17,28,RC,PAE,M39/322,8/3/2008,8/3/2008
23GC02955,419364.71,6781420.36,420.38,32,RC,PAE,M39/322,8/3/2008,8/3/2008
23GC02956,418981.25,6781418.71,427.41,40,RC,PAE,M39/715,7/3/2008,7/3/2008
23GC02957,418641.76,6781407.9,424.1,16,RC,PAE,M39/715,8/3/2008,8/3/2008
23GC02958,418818.43,6781393.71,427.44,32,RC,PAE,M39/715,6/3/2008,6/3/2008
23GC02959,418806.48,6781393.97,427.7,32,RC,PAE,M39/715,6/3/2008,6/3/2008
23GC02960,418980.66,6781392.63,428.48,40,RC,PAE,M39/715,7/3/2008,7/3/2008
23GC02961,418869.1,6781369.26,428.09,40,RC,PAE,M39/715,7/3/2008,7/3/2008
23GC02962,418997.54,6781356.22,430,40,RC,PAE,M39/715,7/3/2008,7/3/2008
23GC02963,419153.24,6781343.3,424.16,24,RC,PAE,M39/714,7/3/2008,7/3/2008
23GC02964,419165.16,6781343.13,423.75,24,RC,PAE,M39/714,7/3/2008,7/3/2008
23GC02965,418740.93,6781318.12,427.03,24,RC,PAE,M39/715,6/3/2008,6/3/2008
23GC02966,418878.95,6781318.64,428.45,24,RC,PAE,M39/715,6/3/2008,6/3/2008
23GC02967,418893.23,6781318.62,427.87,24,RC,PAE,M39/715,6/3/2008,6/3/2008
23GC02968,419465.53,6781318.45,421.77,30,RC,PAE,M39/322,6/3/2008,6/3/2008
23GC02969,419455.52,6781318.8,422.63,32,RC,PAE,M39/322,6/3/2008,6/3/2008
23GC02970,418752.76,6781317.26,427.17,24,RC,PAE,M39/715,6/3/2008,6/3/2008
23GC02974,419390.72,6781143.46,424.7,30,RC,PAE,M39/322,6/3/2008,6/3/2008
23GC02975,419403.05,6781143.33,424.42,32,RC,PAE,M39/322,6/3/2008,6/3/2008
23GC02976,419382.17,6781119.3,425.32,32,RC,PAE,M39/322,6/3/2008,6/3/2008
23GC02977,419436.33,6780662.12,424.06,35,RC,PAE,M39/322,8/3/2008,8/3/2008
