X-Ray Fluorescence (XRF) Data Set from 29 Boreholes,,,,,,,,,,,,
,,,,,,,,,,,,
No.,Drill ID,Depth,Ni,Co,Fe2O3,SiO2,MgO,Cr2O3,Al2O3,MnO,CaO,Laterite Horizon
,,,,,,,,,,,,
1,E10121 R,1,1.350,0.160,48.850,1.580,0.780,,7.790,,0.020,Limonite
,,2,1.300,0.154,48.340,1.940,0.850,,7.690,,0.020,Limonite
,,3,1.280,0.183,45.080,1.830,1.020,,8.100,,0.050,Limonite
,,4,0.710,0.062,22.710,16.270,15.350,,3.500,,1.080,Saprolite
,,5,0.260,0.007,7.430,35.090,35.870,,1.500,,1.500,Saprolite
,,6,0.240,0.003,6.610,36.180,37.930,,1.130,,0.960,Saprolite
,,7,0.220,0.003,6.600,36.640,37.900,,1.310,,1.350,Saprolite
,,8,0.250,0.003,6.710,36.060,36.770,,1.390,,1.110,Saprolite
,,9,0.430,0.004,6.920,36.110,34.830,,1.440,,1.540,Saprolite
,,10,0.270,0.003,6.750,35.490,35.740,,1.530,,1.860,Bedrock
,,11,0.190,0.001,6.360,37.360,38.500,,1.460,,1.970,Bedrock
,,12,0.390,0.003,6.720,36.910,34.870,,1.580,,1.810,Bedrock
,,13,0.510,0.007,7.770,34.910,32.580,,1.710,,1.840,Bedrock
,,14,0.190,0.002,6.520,35.070,37.320,,1.330,,1.540,Bedrock
,,15,0.200,0.002,6.520,39.710,34.730,,1.460,,1.330,Bedrock
,,16,0.240,0.004,6.890,37.300,38.510,,1.430,,1.370,Bedrock
,,17,0.190,0.003,6.640,17.730,13.350,,0.470,,1.370,Bedrock
2,DDG 001,1,0.990,0.132,49.550,4.720,3.790,,,7.790,0.400,Limonite
,,2,0.980,0.118,49.240,3.460,1.610,,,7.310,0.020,Limonite
,,3,1.090,0.118,49.440,3.850,1.620,,,7.250,0.040,Limonite
,,4,1.190,0.112,46.090,6.480,3.080,,,6.680,0.130,Limonite
,,5,1.200,0.115,44.960,6.460,3.480,,,6.480,0.210,Limonite
,,6,1.100,0.063,23.720,23.960,11.500,,,4.580,1.290,Saprolite
,,7,1.190,0.032,13.880,37.050,16.160,,,2.660,1.560,Saprolite
,,8,0.290,0.005,6.970,18.180,12.740,,,0.470,1.590,Saprolite
,,9,0.230,0.005,7.080,18.170,12.200,,,0.560,1.510,Saprolite
,,10,0.466,0.005,8.154,35.308,31.221,0.519,,1.590,,Saprolite
,,11,0.862,0.030,14.295,29.698,18.428,1.370,,2.838,,Saprolite
,,12,0.314,0.004,7.918,35.314,33.690,0.460,,1.442,,Saprolite
,,13,0.224,0.003,7.474,35.660,34.641,0.429,,1.554,,Saprolite
,,14,0.211,0.002,7.261,35.629,34.371,0.433,,1.601,,Saprolite
,,15,0.221,0.002,7.311,35.428,33.384,0.432,,1.646,,Saprolite
,,16,1.329,0.032,15.403,32.022,20.177,1.354,,3.359,,Saprolite
,,17,0.953,0.022,12.991,30.513,20.197,1.123,,3.041,,Saprolite
,,18,1.227,0.031,14.247,31.127,20.481,1.505,,3.324,,Saprolite
,,19,0.230,0.001,7.029,34.455,30.488,0.515,,1.653,,Bedrock
,,20,0.241,0.001,7.080,35.058,33.240,0.447,,1.501,,Bedrock
,,21,0.214,0.002,7.169,33.322,33.757,0.424,,1.268,,Bedrock
,,22,0.199,0.001,6.711,34.728,32.942,0.404,,1.590,,Bedrock
3,DDG 002,1,1.110,0.123,45.590,4.400,1.160,,7.710,,0.020,Limonite
,,2,1.240,0.116,45.610,9.760,1.600,,6.800,,0.040,Limonite
,,3,1.530,0.114,40.580,17.950,1.070,,5.750,,0.020,Limonite
,,4,1.100,0.115,45.650,5.300,3.330,,6.280,,0.040,Limonite
,,5,1.460,0.129,48.390,5.540,0.980,,5.910,,0.020,Limonite
,,6,1.160,0.116,43.940,6.920,4.860,,5.890,,0.090,Limonite
,,7,1.420,0.113,37.570,18.850,2.810,,5.390,,0.120,Limonite
,,8,1.380,0.102,36.240,19.600,6.100,,6.460,,0.230,Limonite
,,9,1.600,0.123,45.850,8.090,4.000,,6.790,,0.110,Limonite
,,10,1.820,0.136,50.200,7.570,2.450,,5.290,,0.060,Limonite
,,11,1.900,0.127,44.800,9.860,2.190,,4.830,,0.080,Limonite
,,12,1.860,0.116,38.220,16.130,2.600,,5.360,,0.130,Limonite
,,13,1.430,0.074,26.080,23.310,7.810,,4.620,,0.730,Saprolite
,,14,1.430,0.070,25.920,23.690,7.490,,4.520,,0.710,Saprolite
,,15,0.320,0.003,6.880,35.890,31.950,,1.960,,2.750,Saprolite
,,16,0.370,0.007,7.690,35.580,34.320,,1.560,,1.540,Bedrock
,,17,0.240,0.004,7.010,37.840,37.170,,1.670,,1.960,Bedrock
,,18,0.200,0.004,6.870,17.770,13.190,,0.530,,1.660,Bedrock
,,19,0.220,0.004,6.800,18.610,,11.990,,0.650,1.900,Bedrock
,,20,0.250,0.005,7.130,17.530,,12.220,,0.540,2.170,Bedrock
,,21,0.210,0.005,7.010,18.090,,11.920,,0.570,1.820,Bedrock
,,22,0.190,0.003,6.710,19.790,,12.540,,0.520,1.770,Bedrock
4,DDG 003,1,0.909,0.111,49.664,1.611,1.205,2.855,,,7.669,Limonite
,,2,0.624,0.095,49.999,1.900,1.874,2.644,,,9.090,Limonite
,,3,0.610,0.096,46.476,1.574,1.284,2.745,,,10.263,Limonite
,,4,0.904,0.100,45.362,2.668,2.417,2.923,,,8.997,Limonite
,,5,1.233,0.129,47.455,2.340,1.838,3.071,,,7.231,Limonite
,,6,1.254,0.114,49.098,2.506,1.505,3.241,,,7.060,Limonite
,,7,1.257,0.190,42.981,4.668,2.055,2.989,,,8.004,Limonite
,,8,1.143,0.156,45.691,3.957,1.833,3.048,,,7.927,Limonite
,,9,1.124,0.136,43.295,9.456,2.604,2.506,,,7.122,Limonite
,,10,1.023,0.181,38.185,12.326,2.432,2.557,,,6.544,Limonite
,,11,1.028,0.101,40.186,11.648,2.593,2.552,,,7.161,Limonite
,,12,0.792,0.086,32.132,21.037,2.907,2.716,,,6.536,Limonite
,,13,1.120,0.101,35.873,20.413,1.906,2.371,,,5.925,Limonite
,,14,0.403,0.004,7.779,33.957,31.033,0.489,,,1.581,Saprolite
,,15,0.414,0.003,7.448,34.462,30.950,0.487,,,1.607,Saprolite
,,16,1.453,0.064,27.212,16.576,8.856,2.255,,,4.096,Saprolite
,,17,1.608,0.063,25.432,19.563,11.076,2.021,,,2.859,Saprolite
,,18,0.454,0.004,7.711,33.902,33.307,0.444,,,1.285,Saprolite
,,19,0.263,0.002,7.174,36.047,33.647,0.482,,,1.509,Saprolite
,,20,0.463,0.010,9.374,42.944,20.401,0.595,,,1.734,Saprolite
,,21,0.286,0.003,7.584,33.515,30.842,0.467,,,1.681,Saprolite
,,22,1.901,0.043,17.583,30.676,12.495,1.063,,,3.111,Saprolite
,,23,0.459,0.003,7.544,35.004,29.192,0.494,,,1.467,Bedrock
,,24,0.239,0.002,7.295,36.198,36.427,0.390,,,1.365,Bedrock
5,DDG 004,1,0.853,0.093,46.859,2.826,2.750,2.673,,,11.200,Limonite
,,2,0.987,0.096,48.023,2.316,0.693,2.521,,,10.030,Limonite
,,3,1.033,0.098,48.389,2.653,1.415,2.815,,,9.397,Limonite
,,4,1.104,0.098,48.377,2.769,1.754,2.784,,,9.619,Limonite
,,5,1.161,0.099,48.368,2.149,0.159,2.502,,,8.789,Limonite
,,6,1.112,0.102,48.207,2.574,0.397,2.879,,,8.214,Limonite
,,7,1.245,0.097,48.203,2.700,0.446,3.148,,,7.781,Limonite
,,8,1.493,0.092,45.569,2.711,1.003,5.012,,,7.787,Limonite
,,9,1.682,0.106,46.498,2.810,0.662,3.503,,,8.328,Limonite
,,10,1.736,0.100,45.989,4.160,1.033,3.000,,,7.839,Limonite
,,11,1.714,0.102,45.821,4.934,0.897,2.953,,,9.121,Limonite
,,12,1.429,0.139,38.444,11.494,0.747,2.495,,,8.461,Limonite
,,13,1.442,0.116,36.685,16.326,1.043,2.522,,,8.249,Limonite
,,14,1.251,0.095,44.607,6.169,0.674,4.153,,,9.349,Limonite
,,15,1.276,0.100,41.851,10.710,0.671,3.246,,,8.897,Limonite
,,16,1.024,0.082,35.556,20.165,1.876,2.665,,,8.202,Limonite
,,17,1.068,0.088,45.198,8.634,0.985,3.412,,,10.149,Limonite
,,18,1.189,0.087,40.857,13.528,0.797,3.391,,,8.218,Limonite
,,19,0.983,0.083,39.878,13.981,0.788,3.474,,,9.188,Limonite
,,20,0.976,0.091,30.376,30.256,1.420,2.598,,,8.387,Limonite
,,21,1.095,0.085,40.117,13.986,1.437,3.814,,,8.970,Limonite
,,22,0.264,0.012,6.276,41.969,39.955,0.435,,,1.793,Saprolite
,,23,1.276,0.054,22.898,34.904,5.536,2.088,,,5.179,Saprolite
,,24,0.623,0.044,19.515,49.205,3.030,1.464,,,4.562,Saprolite
,,25,0.428,0.028,10.702,66.710,3.807,0.761,,,2.700,Saprolite
,,26,1.212,0.037,19.040,33.241,11.993,2.196,,,7.544,Saprolite
,,27,0.268,0.013,6.762,41.367,41.313,0.403,,,1.470,Saprolite
,,28,0.618,0.029,14.119,29.787,15.931,1.927,,,4.297,Saprolite
,,29,0.263,0.013,6.632,42.277,41.100,0.444,,,1.570,Saprolite
,,30,0.216,0.012,5.835,37.474,35.862,0.403,,,1.425,Saprolite
,,31,1.840,0.038,19.343,33.483,10.306,1.900,,,4.183,Saprolite
,,32,1.306,0.031,15.541,34.338,11.136,1.604,,,3.774,Saprolite
,,33,0.230,0.012,6.203,40.448,40.142,0.388,,,1.481,Saprolite
,,34,0.615,0.016,8.331,37.527,27.878,0.684,,,1.775,Bedrock
,,35,0.243,0.013,6.443,40.186,37.023,0.449,,,1.502,Bedrock
,,36,0.225,0.013,6.359,39.942,38.706,0.422,,,1.345,Bedrock
,,37,0.413,0.013,6.590,44.397,29.272,0.462,,,1.328,Bedrock
,,38,0.617,0.017,9.160,50.590,16.096,0.582,,,1.712,Bedrock
,,39,0.284,0.013,6.593,39.654,33.252,0.469,,,1.552,Bedrock
,,40,0.219,0.012,6.193,41.251,38.998,0.414,,,1.738,Bedrock
6,DDG 005,1,0.307,0.067,43.391,7.517,2.929,2.219,,,13.338,Limonite
,,2,0.478,0.064,38.384,9.157,2.253,1.930,,,14.171,Limonite
,,3,0.792,0.084,47.240,2.887,1.143,2.572,,,10.127,Limonite
,,4,0.790,0.090,47.658,2.699,1.735,2.486,,,9.373,Limonite
,,5,0.869,0.096,50.683,1.817,2.006,2.469,,,7.644,Limonite
,,6,0.849,0.098,52.371,1.602,1.793,2.362,,,7.670,Limonite
,,7,0.873,0.099,51.499,1.705,1.129,2.490,,,7.400,Limonite
,,8,0.843,0.108,49.293,1.633,0.995,2.893,,,7.642,Limonite
,,9,0.866,0.107,51.857,1.885,1.453,2.237,,,7.544,Limonite
,,10,0.907,0.097,52.602,2.067,1.708,2.333,,,7.313,Limonite
,,11,0.899,0.131,49.401,1.453,1.432,3.341,,,7.338,Limonite
,,12,0.943,0.117,50.485,1.660,1.924,2.919,,,7.657,Limonite
,,13,0.966,0.110,51.929,1.798,1.803,2.753,,,7.165,Limonite
,,14,0.922,0.108,52.370,1.505,1.526,2.737,,,7.275,Limonite
,,15,0.932,0.104,51.179,1.761,1.919,2.948,,,7.383,Limonite
,,16,0.933,0.109,52.081,1.601,1.599,2.793,,,7.217,Limonite
,,17,0.955,0.116,51.700,1.603,1.394,2.734,,,7.393,Limonite
,,18,1.027,0.112,52.038,1.641,1.627,2.605,,,7.301,Limonite
,,19,1.077,0.121,51.168,1.790,1.719,2.895,,,7.218,Limonite
,,20,1.067,0.113,50.981,1.817,1.540,2.871,,,7.065,Limonite
,,21,1.092,0.111,51.263,2.115,1.685,2.696,,,7.097,Limonite
,,22,1.091,0.115,51.656,1.939,1.549,2.646,,,7.630,Limonite
,,23,1.022,0.109,50.731,1.960,1.601,2.952,,,7.429,Limonite
,,24,1.111,0.122,50.641,2.197,1.388,2.973,,,6.920,Limonite
,,25,1.237,0.104,49.222,2.507,1.366,4.877,,,6.471,Limonite
,,26,1.112,0.116,51.589,1.652,1.260,2.744,,,6.447,Limonite
,,27,1.194,0.121,51.409,2.104,1.435,2.958,,,6.598,Limonite
,,28,1.276,0.117,52.447,2.297,1.722,2.712,,,6.472,Limonite
,,29,1.331,0.131,50.448,2.585,2.065,3.023,,,6.645,Limonite
,,30,1.280,0.115,51.242,2.995,1.383,2.916,,,6.648,Limonite
,,31,1.313,0.120,50.874,3.103,1.599,2.857,,,6.892,Limonite
,,32,1.293,0.128,50.905,2.852,1.590,2.613,,,6.553,Limonite
,,33,1.172,0.102,55.469,2.624,1.212,2.110,,,5.315,Limonite
,,34,0.872,0.080,33.565,21.088,1.739,1.912,,,3.762,Saprolite
,,35,1.005,0.071,27.961,30.046,2.142,1.919,,,5.306,Saprolite
,,36,0.648,0.049,19.913,41.793,2.613,1.423,,,4.892,Saprolite
,,37,0.319,0.026,12.440,58.390,2.058,0.808,,,3.760,Saprolite
,,38,0.670,0.062,23.465,35.044,2.351,1.977,,,4.997,Saprolite
,,39,0.608,0.058,23.756,37.112,2.122,1.325,,,4.453,Saprolite
,,40,0.528,0.046,20.375,40.432,2.226,1.200,,,4.404,Saprolite
,,41,0.633,0.065,20.484,42.587,2.223,1.285,,,4.305,Saprolite
,,42,1.299,0.105,39.456,13.147,1.632,4.118,,,5.516,Saprolite
,,43,1.178,0.104,37.864,14.824,1.688,3.629,,,6.659,Saprolite
,,44,0.584,0.056,21.155,39.707,2.059,1.567,,,4.001,Saprolite
,,45,0.473,0.054,15.857,50.191,1.856,1.576,,,3.329,Saprolite
,,46,0.588,0.038,15.597,50.623,2.710,0.923,,,3.206,Saprolite
,,47,1.405,0.073,27.759,25.443,3.833,2.808,,,4.060,Saprolite
,,48,1.806,0.015,10.266,35.290,19.149,0.612,,,1.390,Saprolite
,,49,1.180,0.010,9.235,35.029,23.939,0.546,,,1.355,Saprolite
,,50,0.856,0.009,9.047,36.334,25.161,0.513,,,1.520,Saprolite
,,51,0.476,0.005,7.867,36.249,31.337,0.427,,,1.612,Saprolite
,,52,0.349,0.011,9.697,43.065,18.600,0.636,,,2.117,Saprolite
,,53,0.316,0.003,7.493,33.621,30.725,0.484,,,1.451,Bedrock
,,54,0.392,0.005,7.971,33.952,29.323,0.494,,,1.565,Bedrock
,,55,0.251,0.002,7.188,34.271,31.676,0.494,,,1.474,Bedrock
,,56,0.256,0.003,7.459,32.501,30.786,0.413,,,1.284,Bedrock
,,57,0.218,0.002,7.071,33.346,31.520,0.442,,,1.357,Bedrock
,,58,0.222,0.002,7.054,33.779,31.603,0.428,,,1.475,Bedrock
7,DDG 006,1,1.280,0.159,47.290,3.050,,0.910,,8.700,0.030,Limonite
,,2,1.330,0.122,48.580,2.640,,0.750,,7.860,0.020,Limonite
,,3,1.370,0.107,40.620,11.290,,2.970,,7.210,0.040,Limonite
,,4,1.580,0.122,47.370,6.930,,2.830,,8.170,0.030,Limonite
,,5,1.880,0.137,51.320,4.900,,1.750,,6.130,0.030,Limonite
,,6,1.570,0.130,48.270,4.470,,1.180,,7.010,0.020,Limonite
,,7,1.770,0.126,46.080,4.580,,1.050,,7.060,0.050,Limonite
,,8,2.150,0.127,44.270,6.380,,2.390,,6.770,0.060,Limonite
,,9,2.340,0.120,41.050,11.790,,4.840,,7.150,0.070,Limonite
,,10,1.610,0.084,30.210,17.330,,8.330,,5.590,0.800,Saprolite
,,11,0.220,0.003,6.530,17.340,,11.840,,0.600,1.670,Saprolite
,,12,0.330,0.003,6.700,17.410,,12.250,,0.530,1.690,Saprolite
,,13,1.670,0.043,16.920,27.780,,16.770,,3.650,1.420,Saprolite
,,14,2.400,0.080,27.120,21.090,,11.600,,4.620,0.590,Saprolite
,,15,0.640,0.004,6.940,37.300,,35.140,,1.480,1.240,Saprolite
,,16,0.630,0.008,7.340,35.620,,33.000,,1.660,1.290,Saprolite
,,17,0.560,0.006,7.340,36.700,,34.380,,1.670,1.310,Saprolite
,,18,0.900,0.006,7.390,38.340,,34.540,,1.520,1.190,Saprolite
,,19,0.460,0.004,6.840,37.860,,36.380,,1.540,1.490,Saprolite
,,20,0.220,0.003,6.670,18.440,,13.410,,0.540,1.660,Saprolite
,,21,0.230,0.001,6.170,18.570,,12.640,,0.730,2.010,Saprolite
,,22,1.267,0.021,11.042,35.295,,28.752,,2.235,1.361,Saprolite
,,23,2.100,0.040,14.700,34.860,,22.970,,3.020,0.900,Saprolite
,,24,0.790,0.010,8.330,37.450,,31.790,,1.780,0.900,Saprolite
,,25,0.838,0.072,22.157,17.512,,14.010,,4.944,0.880,Saprolite
,,26,1.390,0.007,7.420,38.670,,32.050,,1.800,1.080,Saprolite
,,27,1.890,0.019,10.130,35.320,,28.220,,1.960,0.530,Saprolite
,,28,1.200,0.016,9.400,37.290,,30.840,,2.010,0.680,Saprolite
,,29,0.420,0.004,6.510,19.540,,13.260,,0.520,0.840,Bedrock
,,30,0.210,0.003,6.430,18.050,,13.000,,0.500,1.100,Bedrock
,,31,0.190,0.003,6.490,18.910,,13.920,,0.460,0.860,Bedrock
,,32,0.250,0.002,6.380,19.760,,13.600,,0.590,1.300,Bedrock
,,33,0.210,0.003,6.580,18.040,13.030,,,0.540,1.730,Bedrock
8,DDG 007,1,0.641,0.083,50.776,0.814,1.186,3.042,,,8.571,Limonite
,,2,0.578,0.083,49.119,0.754,1.422,2.990,,,9.295,Limonite
,,3,0.639,0.085,48.899,0.837,1.069,2.848,,,9.036,Limonite
,,4,0.499,0.082,47.024,0.558,1.220,3.224,,,9.481,Limonite
,,5,0.480,0.079,48.739,0.581,1.132,3.259,,,9.404,Limonite
,,6,0.346,0.070,48.862,0.499,1.067,3.451,,,10.311,Limonite
,,7,0.315,0.067,46.142,0.379,1.135,3.230,,,11.304,Limonite
,,8,0.906,0.106,48.999,1.159,1.266,3.077,,,7.512,Limonite
,,9,1.214,0.118,49.567,1.581,1.194,2.865,,,6.282,Limonite
,,10,1.476,0.116,47.909,2.529,1.347,2.558,,,6.182,Limonite
,,11,1.288,0.122,48.012,1.682,1.054,2.843,,,7.432,Limonite
,,12,1.348,0.117,47.757,1.668,0.823,3.101,,,6.566,Limonite
,,13,1.155,0.125,45.579,1.559,1.186,3.852,,,7.433,Limonite
,,14,1.226,0.121,47.502,1.759,1.193,3.527,,,6.461,Limonite
,,15,0.949,0.110,47.645,3.568,1.245,3.759,,,5.998,Limonite
,,16,1.419,0.110,42.241,7.316,1.839,2.753,,,7.090,Limonite
,,17,1.572,0.107,44.726,5.830,1.610,2.570,,,7.147,Limonite
,,18,1.693,0.110,44.343,7.194,1.694,2.944,,,6.575,Limonite
,,19,1.484,0.102,42.970,6.317,2.240,3.420,,,6.983,Limonite
,,20,1.188,0.067,28.285,16.488,8.142,2.557,,,5.144,Saprolite
,,21,1.678,0.084,33.178,21.844,3.633,2.151,,,4.253,Saprolite
,,22,1.664,0.075,29.587,19.662,6.153,2.065,,,4.038,Saprolite
,,23,0.311,0.005,7.991,32.256,30.773,0.490,,,1.236,Bedrock
,,24,0.313,0.006,8.082,31.540,32.600,0.442,,,1.117,Bedrock
9,DDG 009R,1,1.340,0.111,46.018,3.685,0.573,3.405,,,9.001,Limonite
,,2,1.388,0.125,45.949,2.776,0.696,3.427,,,8.867,Limonite
,,3,1.321,0.121,44.633,2.764,0.535,3.930,,,8.871,Limonite
,,4,1.269,0.109,45.040,3.100,0.721,3.834,,,8.633,Limonite
,,5,1.556,0.096,45.022,4.645,0.468,4.108,,,8.096,Limonite
,,6,1.191,0.068,31.712,13.612,5.694,3.291,,,5.698,Saprolite
,,7,0.382,0.013,6.694,36.653,35.829,0.474,,,1.364,Saprolite
,,8,0.330,0.012,6.307,38.437,38.121,0.417,,,1.198,Saprolite
,,9,0.441,0.013,6.615,37.532,34.676,0.443,,,1.386,Saprolite
,,10,1.970,0.030,15.712,32.686,15.870,1.327,,,2.774,Saprolite
,,11,2.535,0.033,17.399,31.799,15.201,1.465,,,3.624,Saprolite
,,12,2.969,0.027,14.104,37.071,20.149,1.075,,,2.837,Saprolite
,,13,0.300,0.012,6.166,39.733,38.494,0.413,,,1.207,Bedrock
,,14,0.271,0.012,6.100,38.938,38.751,0.400,,,1.260,Bedrock
,,15,0.221,0.012,6.047,38.860,39.888,0.385,,,1.203,Bedrock
,,16,0.233,0.013,6.449,38.605,39.710,0.425,,,1.593,Bedrock
,,17,0.231,0.012,6.004,36.999,38.003,0.383,,,1.106,Bedrock
,,18,0.223,0.012,6.013,38.777,39.981,0.395,,,1.225,Bedrock
10,DDG 010,1,1.225,0.111,49.128,2.616,2.218,3.013,,,6.484,Limonite
,,2,1.223,0.115,49.475,2.103,1.385,3.017,,,6.647,Limonite
,,3,1.308,0.124,50.649,1.477,1.395,2.991,,,6.597,Limonite
,,4,1.424,0.142,48.933,1.310,1.192,3.418,,,6.310,Limonite
,,5,1.404,0.141,46.943,1.248,1.280,3.442,,,6.562,Limonite
,,6,1.427,0.163,43.147,1.273,1.310,3.889,,,7.870,Limonite
,,7,1.586,0.160,47.917,1.405,1.517,3.533,,,6.443,Limonite
,,8,1.511,0.135,49.469,1.571,1.401,3.285,,,6.475,Limonite
,,9,1.412,0.124,49.309,1.726,1.025,3.664,,,6.115,Limonite
,,10,1.134,0.155,46.707,1.654,1.056,4.377,,,6.765,Limonite
,,11,1.396,0.162,50.878,2.362,1.541,2.791,,,4.976,Limonite
,,12,1.317,0.193,49.649,1.810,1.460,2.865,,,5.191,Limonite
,,13,1.211,0.129,41.209,7.391,6.421,3.143,,,4.482,Saprolite
,,14,0.424,0.002,6.967,32.077,29.996,0.441,,,1.131,Saprolite
,,15,0.857,0.010,8.700,33.208,29.622,0.719,,,1.523,Saprolite
,,16,1.137,0.014,9.549,33.002,27.724,0.766,,,1.470,Saprolite
,,17,0.350,0.001,6.869,32.795,31.040,0.435,,,1.245,Saprolite
,,18,0.419,0.001,6.819,32.558,30.750,0.417,,,1.155,Saprolite
,,19,0.737,0.009,8.805,33.353,28.808,0.639,,,1.398,Saprolite
,,20,0.335,0.003,7.356,36.285,33.640,0.489,,,1.483,Saprolite
,,21,0.959,0.004,7.745,34.694,28.938,0.458,,,1.451,Saprolite
,,22,0.339,0.003,7.400,32.745,31.713,0.424,,,1.402,Saprolite
,,23,1.676,0.026,13.661,28.956,19.901,1.139,,,2.488,Saprolite
,,24,0.271,0.002,7.037,33.759,33.527,0.412,,,1.399,Saprolite
,,25,0.215,0.001,6.940,35.493,35.446,0.427,,,1.391,Saprolite
,,26,2.076,0.035,16.351,26.272,17.236,1.311,,,2.543,Saprolite
,,27,0.229,0.001,6.916,32.838,32.688,0.432,,,1.218,Bedrock
,,28,0.227,0.001,7.007,30.912,31.675,0.435,,,1.250,Bedrock
,,29,0.216,0.001,6.868,32.236,32.579,0.427,,,1.356,Bedrock
11,DDG 008,1,0.453,0.080,49.663,2.832,1.722,2.923,,,7.852,Limonite
,,2,0.385,0.085,58.423,0.699,0.839,1.732,,,5.268,Limonite
,,3,0.297,0.072,50.466,0.388,0.990,2.885,,,9.476,Limonite
,,4,0.544,0.079,47.133,0.793,0.903,2.796,,,8.950,Limonite
,,5,0.658,0.090,50.712,0.608,1.233,2.893,,,8.575,Limonite
,,6,0.868,0.094,52.405,0.985,1.133,2.261,,,7.665,Limonite
,,7,0.945,0.097,53.031,1.112,0.988,2.197,,,7.204,Limonite
,,8,0.974,0.109,51.786,1.217,1.105,2.231,,,7.689,Limonite
,,9,0.902,0.092,52.893,1.244,1.262,2.218,,,7.382,Limonite
,,10,0.878,0.095,52.952,1.160,1.008,2.223,,,7.502,Limonite
,,11,0.828,0.098,52.465,1.672,1.877,2.426,,,7.494,Limonite
,,12,0.870,0.098,52.611,1.072,1.100,2.307,,,7.084,Limonite
,,13,0.888,0.100,52.852,1.096,1.358,2.230,,,6.956,Limonite
,,14,0.894,0.097,53.180,1.073,1.202,2.262,,,7.155,Limonite
,,15,0.915,0.099,53.618,1.228,0.820,2.223,,,6.986,Limonite
,,16,0.922,0.102,52.630,1.564,1.583,2.323,,,6.958,Limonite
,,17,0.905,0.107,52.453,1.696,1.850,2.558,,,7.132,Limonite
,,18,0.973,0.103,53.486,1.546,1.504,2.248,,,6.673,Limonite
,,19,0.906,0.102,52.081,1.783,1.618,2.602,,,6.823,Limonite
,,20,0.946,0.105,52.567,1.694,1.473,2.527,,,6.667,Limonite
,,21,1.028,0.105,52.189,1.587,1.102,2.591,,,6.771,Limonite
,,22,1.014,0.112,51.848,1.602,1.368,2.542,,,6.882,Limonite
,,23,1.050,0.109,51.755,1.536,1.152,2.822,,,6.775,Limonite
,,24,1.087,0.108,51.721,1.678,1.192,2.879,,,6.274,Limonite
,,25,1.105,0.118,50.810,1.734,1.371,2.617,,,6.783,Limonite
,,26,1.292,0.106,52.443,1.809,1.095,2.452,,,5.779,Limonite
,,27,1.424,0.126,46.307,5.269,1.784,2.518,,,5.501,Limonite
,,28,1.394,0.115,38.975,11.468,1.971,2.450,,,5.011,Limonite
,,29,1.429,0.129,40.938,10.874,1.900,2.486,,,7.382,Limonite
,,30,0.788,0.164,27.852,28.603,1.847,2.357,,,5.492,Limonite
,,31,0.730,0.087,31.107,28.385,1.704,2.429,,,5.538,Limonite
,,32,0.836,0.079,31.881,23.401,3.961,2.938,,,5.849,Limonite
,,33,0.694,0.054,21.780,36.697,3.752,1.474,,,4.405,Saprolite
,,34,0.964,0.052,21.458,36.234,3.570,1.635,,,3.515,Saprolite
,,35,2.065,0.058,23.526,26.282,6.800,2.334,,,3.590,Saprolite
,,36,0.517,0.006,8.208,33.147,29.615,0.547,,,1.947,Saprolite
,,37,2.365,0.045,18.915,32.611,13.221,1.326,,,3.182,Saprolite
,,38,2.575,0.030,14.420,35.092,11.891,1.024,,,2.255,Saprolite
,,39,2.250,0.029,14.055,35.706,15.889,0.928,,,2.462,Saprolite
,,40,1.415,0.026,13.454,39.349,12.734,0.862,,,2.539,Saprolite
,,41,1.585,0.023,12.610,39.513,15.859,0.864,,,2.712,Saprolite
,,42,2.478,0.041,17.207,34.259,9.932,1.091,,,3.085,Saprolite
,,43,1.865,0.026,13.732,35.359,10.687,0.925,,,2.503,Saprolite
,,44,0.901,0.005,7.910,35.716,28.549,0.503,,,1.440,Bedrock
12,DDG_011,1,0.772,0.083,51.873,1.193,1.422,3.077,,7.382,,Limonite
,,2,0.875,0.088,50.781,1.229,1.230,2.627,,7.414,,Limonite
,,3,1.054,0.093,51.371,1.362,1.743,2.443,,6.537,,Limonite
,,4,1.190,0.099,52.482,1.540,1.210,3.003,,5.316,,Limonite
,,5,1.380,0.113,52.910,1.414,0.971,3.021,,5.563,,Limonite
,,6,1.455,0.106,52.718,1.558,1.308,3.012,,5.706,,Limonite
,,7,1.135,0.129,50.774,1.520,1.141,3.292,,6.494,,Limonite
,,8,1.596,0.122,49.763,1.534,1.047,3.037,,6.293,,Limonite
,,9,1.571,0.116,50.040,1.467,1.076,3.890,,6.297,,Limonite
,,10,1.310,0.099,50.642,1.454,1.244,3.427,,6.394,,Limonite
,,11,1.428,0.110,49.552,1.326,1.197,2.843,,7.015,,Limonite
,,12,1.489,0.108,50.708,1.447,0.965,3.179,,6.437,,Limonite
,,13,1.588,0.113,50.708,1.352,1.563,2.964,,6.720,,Limonite
,,14,1.409,0.126,51.538,1.622,1.142,2.970,,5.602,,Limonite
,,15,1.577,0.145,50.434,1.512,1.289,2.977,,5.607,,Limonite
,,16,1.286,0.127,49.712,1.489,1.197,3.326,,6.603,,Limonite
,,17,1.406,0.163,49.095,1.649,1.171,2.905,,,6.251,Limonite
,,18,1.169,0.126,49.204,1.647,1.238,3.682,,,6.874,Limonite
,,19,1.534,0.133,48.913,1.459,1.303,2.798,,,6.564,Limonite
,,20,1.399,0.109,48.926,2.853,1.413,3.039,,,7.479,Limonite
,,21,1.625,0.142,48.795,1.764,1.140,3.461,,,6.518,Limonite
,,22,1.645,0.130,49.448,1.885,1.173,3.764,,,6.038,Limonite
,,23,1.630,0.124,48.593,5.165,1.365,3.364,,,4.630,Limonite
,,24,1.390,0.122,45.361,8.114,1.796,2.280,,,6.649,Limonite
,,25,1.489,0.115,39.046,10.165,3.056,2.950,,,6.477,Limonite
,,26,1.876,0.044,18.155,30.562,17.910,1.224,,,3.162,Saprolite
,,27,1.668,0.034,15.630,31.473,15.900,0.953,,,2.945,Saprolite
,,27,1.203,0.055,20.596,29.230,10.321,0.992,,,3.069,Saprolite
,,28,0.330,0.003,7.514,33.003,31.162,0.514,,,1.455,Bedrock
,,29,0.766,0.009,8.943,33.859,27.318,0.588,,,1.808,Bedrock
,,30,0.847,0.006,8.365,35.268,28.069,0.551,,,1.685,Bedrock
,,31,1.692,0.006,6.635,48.372,22.102,0.408,,,1.293,Bedrock
,,32,0.568,0.004,7.468,35.258,33.437,0.272,,,0.971,Bedrock
,,33,0.265,0.004,7.576,31.649,35.223,0.247,,,0.887,Bedrock
,,34,0.257,0.003,7.417,32.744,34.903,0.320,,,1.045,Bedrock
,,35,0.222,0.002,7.237,35.738,34.254,0.466,,,1.590,Bedrock
13,DDG 012,1,0.658,0.087,47.985,1.339,0.328,3.495,,,10.092,Limonite
,,2,0.857,0.086,47.077,1.637,0.289,3.385,,,9.463,Limonite
,,3,1.215,0.090,47.278,2.014,0.403,3.382,,,8.637,Limonite
,,4,1.194,0.087,47.880,2.257,0.297,3.429,,,8.139,Limonite
,,5,1.216,0.088,47.437,2.118,0.006,2.905,,,8.101,Limonite
,,6,1.473,0.089,47.852,1.997,0.159,2.719,,,8.031,Limonite
,,7,1.201,0.094,46.895,2.160,0.244,3.928,,,8.253,Limonite
,,8,1.564,0.089,47.545,2.100,0.006,2.984,,,7.908,Limonite
,,9,1.319,0.113,45.832,1.952,0.129,3.136,,,8.898,Limonite
,,10,1.363,0.113,47.082,1.914,0.192,3.377,,,7.587,Limonite
,,11,1.640,0.128,46.541,1.948,0.219,2.579,,,6.974,Limonite
,,12,1.670,0.130,47.083,2.057,0.440,2.749,,,6.796,Limonite
,,13,1.880,0.109,47.164,2.117,0.341,3.070,,,7.267,Limonite
,,14,1.257,0.103,44.025,1.991,0.445,3.701,,,10.173,Limonite
,,15,1.553,0.093,42.952,2.159,0.535,4.554,,,10.143,Limonite
,,16,1.512,0.096,46.076,3.781,0.187,2.987,,,7.091,Limonite
,,17,1.443,0.107,46.418,2.734,0.525,3.507,,,8.557,Limonite
,,18,1.650,0.097,46.137,4.196,1.361,3.864,,,7.900,Limonite
,,19,1.632,0.106,44.822,4.866,1.282,4.004,,,8.241,Limonite
,,20,1.527,0.104,47.230,3.163,0.636,3.788,,,7.423,Limonite
,,21,1.455,0.100,46.975,3.795,0.627,3.402,,,6.668,Limonite
,,22,0.395,0.044,14.902,13.404,2.234,1.468,,,2.342,Saprolite
,,23,1.393,0.109,42.458,7.872,1.880,4.663,,,7.821,Saprolite
,,24,0.309,0.013,6.342,38.491,35.790,0.451,,,1.839,Saprolite
,,25,0.831,0.070,25.059,41.417,2.452,1.646,,,5.436,Saprolite
,,26,1.114,0.085,36.747,18.909,0.879,3.457,,,6.868,Saprolite
,,27,0.763,0.055,23.004,35.000,6.099,1.919,,,4.197,Saprolite
,,28,1.213,0.031,16.091,42.049,8.360,1.310,,,3.212,Saprolite
,,29,0.261,0.013,6.342,40.136,40.924,0.452,,,1.433,Saprolite
,,30,0.298,0.013,6.529,38.520,38.307,0.447,,,1.339,Saprolite
,,31,1.208,0.024,12.633,44.305,17.443,1.035,,,2.837,Saprolite
,,32,1.896,0.029,15.302,39.125,13.553,1.199,,,2.772,Saprolite
,,33,2.181,0.033,16.903,39.026,14.846,1.136,,,2.957,Saprolite
,,34,2.179,0.030,15.867,41.202,12.722,1.182,,,2.745,Saprolite
,,35,0.579,0.014,7.224,38.119,34.504,0.539,,,1.385,Saprolite
,,36,1.419,0.024,12.432,37.736,24.846,1.015,,,2.739,Saprolite
,,37,1.539,0.030,15.148,42.595,15.642,1.096,,,2.688,Saprolite
,,38,1.367,0.017,9.367,41.686,30.950,0.636,,,2.627,Saprolite
,,39,1.296,0.017,9.414,43.690,33.642,0.669,,,2.857,Saprolite
,,40,0.384,0.011,5.937,44.347,36.402,0.372,,,1.380,Bedrock
,,41,0.266,0.013,6.463,41.031,39.158,0.415,,,1.461,Bedrock
,,42,0.242,0.012,6.239,41.736,40.510,0.451,,,1.464,Bedrock
,,43,0.222,0.012,6.069,42.783,41.017,0.488,,,1.773,Bedrock
14,DDG 013,1,0.421,0.090,48.130,1.290,0.249,3.288,,,10.531,Limonite
,,2,0.447,0.091,48.803,1.089,0.129,3.321,,,10.539,Limonite
,,3,0.421,0.085,45.860,1.144,0.117,2.924,,,15.871,Limonite
,,4,0.428,0.083,45.132,1.188,0.310,3.190,,,14.746,Limonite
,,5,0.292,0.065,36.472,1.208,0.622,2.722,,,21.626,Limonite
,,6,0.318,0.075,41.687,1.422,0.232,1.860,,,15.150,Limonite
,,7,0.286,0.067,37.157,1.708,0.548,2.140,,,18.962,Limonite
,,8,0.427,0.065,35.897,1.651,0.124,1.948,,,16.706,Limonite
,,9,0.654,0.074,40.392,1.663,0.476,2.308,,,15.720,Limonite
,,10,0.878,0.091,48.991,2.024,0.852,2.518,,,10.532,Limonite
,,11,0.938,0.091,49.509,1.716,0.006,2.416,,,9.304,Limonite
,,12,0.834,0.089,48.192,1.609,0.153,2.605,,,9.764,Limonite
,,13,0.852,0.090,49.335,1.864,0.136,2.442,,,9.294,Limonite
,,14,0.926,0.092,49.368,2.025,0.321,2.417,,,9.571,Limonite
,,15,0.976,0.094,47.776,1.790,0.152,2.414,,,9.135,Limonite
,,16,1.105,0.091,49.399,2.341,0.393,2.498,,,8.414,Limonite
,,17,1.130,0.091,48.424,2.543,0.808,2.893,,,8.092,Limonite
,,18,1.225,0.093,49.072,2.425,0.195,2.839,,,7.585,Limonite
,,19,1.260,0.103,48.257,2.568,0.259,2.752,,,7.701,Limonite
,,20,1.304,0.102,49.332,4.021,2.891,2.745,,,8.344,Limonite
,,21,1.293,0.092,47.907,2.358,0.346,3.265,,,8.123,Limonite
,,22,1.465,0.091,48.128,3.903,2.250,3.456,,,8.219,Limonite
,,23,1.444,0.086,46.070,2.389,0.779,3.638,,,9.790,Limonite
,,24,1.678,0.091,47.487,3.295,1.351,3.521,,,8.776,Limonite
,,25,1.284,0.089,46.048,2.667,0.426,4.127,,,8.803,Limonite
,,26,1.172,0.102,46.972,2.531,0.181,3.596,,,8.309,Limonite
,,27,1.482,0.100,46.640,2.541,0.252,3.180,,,8.075,Limonite
,,28,1.623,0.095,47.784,2.835,1.029,2.989,,,7.908,Limonite
,,29,1.512,0.097,45.672,4.214,1.844,3.068,,,9.577,Limonite
,,30,1.609,0.106,47.181,3.150,1.295,3.403,,,7.793,Limonite
,,31,2.035,0.119,46.648,2.534,0.222,2.852,,,6.916,Limonite
,,32,1.949,0.102,47.596,2.811,0.459,2.947,,,7.647,Limonite
,,33,2.040,0.108,47.654,2.895,0.610,2.719,,,7.226,Limonite
,,34,2.024,0.096,46.191,2.638,0.698,3.095,,,7.390,Limonite
,,35,1.885,0.115,46.689,2.799,0.906,2.895,,,7.576,Limonite
,,36,1.821,0.135,45.340,3.282,1.530,3.533,,,8.059,Limonite
,,37,1.680,0.125,46.288,3.062,1.252,3.636,,,7.682,Limonite
,,38,0.921,0.094,48.737,2.198,0.320,3.886,,,3.720,Limonite
,,39,1.797,0.119,46.617,2.686,0.433,3.259,,,6.484,Limonite
,,40,1.662,0.122,45.195,3.869,0.685,3.760,,,8.588,Limonite
,,41,1.514,0.119,43.720,5.784,0.641,3.338,,,7.625,Limonite
,,42,1.273,0.141,43.305,4.477,0.772,3.873,,,8.644,Limonite
,,43,1.619,0.146,40.137,8.877,1.373,3.250,,,7.628,Limonite
,,44,2.098,0.053,26.205,27.614,7.174,2.334,,,5.339,Saprolite
,,44,0.936,0.016,8.651,39.654,31.696,0.588,,,2.028,Saprolite
,,45,0.586,0.014,7.111,40.446,34.682,0.511,,,1.886,Saprolite
,,46,1.670,0.040,17.107,32.790,10.702,1.251,,,2.631,Saprolite
,,47,0.379,0.007,8.614,34.098,27.292,0.588,,,2.012,Saprolite
,,48,1.781,0.046,19.697,26.811,10.942,1.346,,,2.968,Saprolite
,,49,0.415,0.004,7.688,34.766,27.973,0.498,,,1.570,Bedrock
,,50,0.370,0.003,7.389,35.926,30.494,0.458,,,1.268,Bedrock
,,51,0.255,0.003,7.443,35.688,33.114,0.456,,,1.473,Bedrock
,,52,0.235,0.003,7.342,32.612,32.462,0.440,,,1.333,Bedrock
,,53,0.230,0.002,7.186,34.930,34.984,0.436,,,1.370,Bedrock
15,DDG 014,1,0.332,0.001,51.309,2.873,1.053,7.909,4.655,0.610,0.094,Limonite
,,2,0.294,0.001,52.309,1.503,0.734,7.864,4.698,0.457,0.074,Limonite
,,3,0.258,0.001,49.296,1.137,0.518,6.963,7.666,0.394,0.077,Limonite
,,4,0.167,0.001,44.009,1.496,0.476,6.786,9.197,0.366,0.074,Limonite
,,5,0.192,0.001,41.871,1.704,0.539,5.520,10.552,0.328,0.071,Limonite
,,6,0.193,0.021,44.611,2.987,0.498,2.932,11.367,0.280,0.060,Limonite
,,7,0.249,0.026,35.474,12.597,0.630,2.430,14.279,0.275,0.050,Limonite
,,8,0.220,0.045,31.222,20.272,0.653,1.108,16.141,0.226,0.041,Limonite
,,9,0.302,0.029,25.023,28.997,0.904,1.238,16.760,0.180,0.074,Limonite
,,10,0.653,0.001,47.972,4.982,0.529,5.182,7.305,0.400,0.062,Limonite
,,11,0.537,0.010,37.050,15.271,0.621,3.463,12.151,0.369,0.072,Limonite
,,12,0.571,0.003,38.651,13.508,0.608,3.454,11.263,0.306,0.077,Limonite
,,13,0.607,0.001,39.482,14.494,0.522,5.421,9.178,0.394,0.097,Limonite
,,14,1.084,0.001,49.364,4.319,0.575,6.416,4.912,0.360,0.068,Limonite
,,15,1.182,0.001,49.004,3.520,0.508,5.012,5.437,0.447,0.055,Limonite
,,16,1.357,0.001,49.689,3.834,0.465,6.201,4.714,0.569,0.065,Limonite
,,17,1.371,0.012,47.996,4.318,0.456,4.573,6.281,0.565,0.053,Limonite
,,18,1.423,0.028,47.996,4.140,0.566,4.442,6.289,0.639,0.053,Limonite
,,19,1.586,0.067,46.712,4.175,0.491,3.842,6.961,0.758,0.057,Limonite
,,20,1.432,0.034,46.245,5.364,0.573,3.972,7.122,0.589,0.062,Limonite
,,21,1.322,0.001,45.895,7.003,0.629,5.100,6.675,0.518,0.059,Limonite
,,22,1.295,0.001,47.913,4.661,0.747,5.118,5.653,0.605,0.056,Limonite
,,23,1.416,0.001,48.520,4.754,0.708,6.263,5.142,0.634,0.072,Limonite
,,24,1.421,0.108,47.035,3.165,0.745,4.171,6.388,1.075,0.071,Limonite
,,25,1.559,0.244,48.310,2.720,0.680,2.965,5.368,1.636,0.043,Limonite
,,26,1.407,0.107,48.025,3.387,0.655,4.152,5.686,1.061,0.051,Limonite
,,27,1.663,0.130,48.224,3.018,0.528,5.032,5.282,1.391,0.068,Limonite
,,28,1.542,0.167,49.797,2.806,0.513,2.874,4.522,1.134,0.040,Limonite
,,29,1.790,0.264,45.632,3.380,0.755,3.504,6.116,1.788,0.084,Limonite
,,30,1.573,0.001,49.837,6.923,0.734,8.065,3.434,0.710,0.088,Limonite
,,31,1.474,0.080,41.122,11.608,1.425,3.445,5.519,0.826,0.103,Limonite
,,32,1.348,0.020,7.130,39.867,25.670,0.765,1.501,0.220,1.883,Saprolite
,,33,3.351,0.030,15.618,43.115,8.792,1.055,1.963,0.287,0.781,Saprolite
,,34,3.099,0.044,21.414,32.657,9.306,1.841,2.465,0.465,0.488,Saprolite
,,35,2.754,0.041,22.854,34.715,5.322,1.911,3.002,0.451,0.597,Saprolite
,,36,2.175,0.082,29.702,29.510,2.984,2.811,3.463,0.948,0.198,Saprolite
,,37,0.520,0.015,6.446,36.160,34.741,0.685,1.475,0.123,1.310,Bedrock
,,38,0.380,0.015,6.133,35.545,35.691,0.663,1.224,0.126,0.954,Bedrock
16,DDG 019,1,1.121,0.096,52.174,1.456,1.894,2.963,,,6.431,Limonite
,,2,1.267,0.111,51.762,1.396,1.557,2.727,,,6.464,Limonite
,,3,1.367,0.117,51.637,1.504,1.585,2.901,,,6.343,Limonite
,,4,1.395,0.119,51.233,1.434,1.389,3.025,,,6.339,Limonite
,,5,1.406,0.115,50.970,1.508,1.373,3.185,,,6.684,Limonite
,,6,1.453,0.122,50.325,1.563,1.495,3.255,,,6.721,Limonite
,,7,1.458,0.134,49.263,1.556,1.756,3.344,,,6.524,Limonite
,,8,1.450,0.132,48.601,1.452,1.326,3.098,,,6.390,Limonite
,,9,1.490,0.130,48.292,1.545,1.834,3.427,,,6.950,Limonite
,,10,1.096,0.097,51.090,1.412,1.161,3.120,,,6.676,Limonite
,,11,0.957,0.095,50.811,1.478,1.452,2.861,,,7.451,Limonite
,,12,0.913,0.092,50.112,1.475,1.473,2.412,,,7.811,Limonite
,,13,1.336,0.113,49.922,1.421,1.110,3.067,,,6.969,Limonite
,,14,0.974,0.112,48.069,2.824,1.542,2.757,,,7.230,Limonite
,,15,1.033,0.125,47.621,3.371,1.656,2.478,,,7.040,Limonite
,,16,1.191,0.110,48.463,2.858,1.652,2.744,,,7.092,Limonite
,,17,1.403,0.095,46.058,4.241,0.779,3.074,,,8.816,Limonite
,,18,1.508,0.108,46.603,3.067,0.758,3.358,,,8.136,Limonite
,,19,1.620,0.134,46.981,3.201,0.729,3.120,,,7.033,Limonite
,,20,2.060,0.031,15.369,32.141,24.012,1.311,,,2.455,Saprolite
,,21,1.791,0.020,9.990,36.635,28.594,0.832,,,1.732,Saprolite
,,22,1.559,0.022,11.348,39.647,31.419,0.940,,,2.026,Saprolite
,,23,1.904,0.026,13.764,32.666,24.096,1.276,,,2.206,Saprolite
,,24,1.651,0.019,10.301,38.906,31.010,0.863,,,2.213,Saprolite
,,25,1.992,0.029,15.406,33.158,22.869,1.241,,,3.409,Saprolite
,,26,2.149,0.039,20.379,28.888,13.299,1.647,,,4.411,Saprolite
,,27,2.154,0.032,16.026,33.752,21.996,1.592,,,3.940,Saprolite
,,28,2.100,0.031,16.574,29.859,16.169,1.978,,,3.434,Saprolite
,,29,2.011,0.027,13.850,30.400,17.034,1.704,,,3.242,Saprolite
,,30,2.144,0.033,17.176,32.889,15.251,1.703,,,3.378,Saprolite
,,31,1.932,0.030,15.317,32.151,16.495,1.597,,,3.113,Saprolite
,,32,0.446,0.013,6.930,40.964,36.033,0.514,,,1.642,Saprolite
,,33,2.173,0.036,18.775,29.741,16.103,1.914,,,3.299,Saprolite
,,34,2.111,0.033,17.240,36.415,10.947,1.319,,,3.635,Saprolite
,,35,1.144,0.021,10.875,34.099,25.535,0.958,,,1.835,Saprolite
,,36,1.769,0.035,17.950,28.888,14.171,1.870,,,3.797,Saprolite
,,37,0.717,0.014,7.524,38.132,34.430,0.379,,,1.339,Saprolite
,,38,0.322,0.014,7.011,37.408,43.575,0.105,,,0.632,Saprolite
,,39,0.622,0.013,6.879,37.533,33.928,0.491,,,1.385,Saprolite
,,40,0.649,0.013,6.861,38.141,32.879,0.530,,,1.496,Saprolite
,,41,0.765,0.015,7.739,37.291,30.515,0.647,,,1.681,Saprolite
,,42,1.557,0.026,13.748,38.370,12.670,1.233,,,3.429,Saprolite
,,43,0.361,0.013,6.608,40.348,37.107,0.453,,,1.589,Saprolite
,,44,0.424,0.013,6.699,39.304,35.347,0.457,,,1.598,Saprolite
,,45,2.220,0.030,15.640,34.766,19.655,1.245,,,3.258,Saprolite
,,46,2.692,0.033,17.009,33.308,18.356,1.536,,,3.509,Saprolite
,,47,3.344,0.031,16.485,33.763,17.865,1.140,,,3.271,Saprolite
,,48,0.456,0.013,6.724,41.000,37.530,0.456,,,1.574,Saprolite
,,49,0.366,0.013,6.375,39.453,36.450,0.450,,,1.566,Saprolite
,,50,2.225,0.025,13.133,33.183,22.825,0.941,,,2.162,Saprolite
,,51,0.300,0.012,6.049,39.164,36.625,0.439,,,1.432,Bedrock
,,52,0.271,0.012,6.048,41.005,39.449,0.433,,,1.349,Bedrock
17,DDG 020,1,0.339,0.077,52.515,0.502,1.191,3.856,,,7.428,Limonite
,,2,0.404,0.079,52.906,0.804,1.009,3.454,,,7.279,Limonite
,,3,0.618,0.086,51.630,0.850,1.462,3.309,,,8.211,Limonite
,,4,0.524,0.080,49.812,0.935,1.517,3.121,,,9.300,Limonite
,,5,0.574,0.083,50.788,0.948,1.323,2.831,,,8.549,Limonite
,,6,0.774,0.089,51.720,1.020,1.605,2.994,,,8.092,Limonite
,,7,0.417,0.076,45.539,0.823,1.176,2.102,,,9.060,Limonite
,,8,0.772,0.092,50.966,0.711,1.220,2.914,,,8.033,Limonite
,,9,0.828,0.092,50.521,0.771,1.237,3.173,,,8.273,Limonite
,,10,0.755,0.090,50.632,1.649,3.632,3.555,,,7.742,Limonite
,,11,0.784,0.088,51.369,0.836,1.197,3.409,,,7.705,Limonite
,,12,1.101,0.087,51.879,1.622,1.330,3.155,,,6.348,Limonite
,,13,1.427,0.093,54.374,1.476,1.090,2.149,,,5.841,Limonite
,,14,1.425,0.092,53.502,1.457,1.285,2.274,,,6.248,Limonite
,,15,1.483,0.096,52.704,1.573,1.034,2.475,,,5.840,Limonite
,,16,1.435,0.098,52.730,1.403,0.849,2.538,,,5.967,Limonite
,,17,1.317,0.085,50.804,1.414,1.169,3.533,,,6.234,Limonite
,,18,1.277,0.095,52.436,1.561,1.179,2.912,,,5.695,Limonite
,,19,1.434,0.105,52.295,1.291,0.924,2.572,,,5.701,Limonite
,,20,1.446,0.114,53.237,1.668,1.315,2.320,,,4.915,Limonite
,,21,1.525,0.126,51.401,1.566,0.930,2.782,,,5.931,Limonite
,,22,1.177,0.121,50.490,1.788,1.547,3.075,,,6.270,Limonite
,,23,1.389,0.106,50.515,2.371,2.287,3.300,,,6.291,Limonite
,,24,1.479,0.118,50.141,1.769,1.486,2.682,,,6.352,Limonite
,,25,1.374,0.123,50.243,1.621,1.151,3.755,,,5.999,Limonite
,,26,1.461,0.106,49.497,1.759,1.851,3.178,,,6.658,Limonite
,,27,1.516,0.110,49.821,1.597,1.521,3.093,,,6.489,Limonite
,,28,1.438,0.104,49.613,3.129,4.015,2.999,,,6.204,Limonite
,,29,1.588,0.127,49.274,1.923,2.001,3.530,,,5.901,Limonite
,,30,1.380,0.128,47.863,2.134,1.360,4.047,,,6.399,Limonite
,,31,1.081,0.188,44.804,1.714,1.245,4.272,,,6.771,Limonite
,,32,1.074,0.462,22.328,1.175,1.567,2.086,,,8.792,Limonite
,,33,1.129,0.381,25.875,3.522,2.662,1.666,,,8.591,Limonite
,,34,0.973,0.421,21.265,2.615,1.784,1.777,,,10.607,Limonite
,,35,1.216,0.459,31.955,1.663,1.705,1.915,,,3.900,Limonite
,,36,1.226,0.417,35.978,6.815,1.715,2.959,,,6.217,Limonite
,,37,1.328,0.315,38.764,9.132,1.876,1.830,,,4.627,Limonite
,,38,0.795,0.115,36.780,15.670,2.527,2.426,,,7.378,Limonite
,,39,0.896,0.119,36.261,18.441,2.530,2.280,,,6.207,Limonite
,,40,1.896,0.079,26.955,27.967,4.709,1.877,,,4.276,Saprolite
,,41,2.354,0.058,21.854,31.544,7.307,1.430,,,3.322,Saprolite
,,42,1.756,0.044,19.123,30.465,10.904,1.526,,,3.262,Saprolite
,,43,2.356,0.057,20.912,30.858,10.907,1.376,,,3.509,Saprolite
,,44,2.537,0.033,15.612,35.790,13.832,1.135,,,2.428,Saprolite
,,45,1.699,0.031,14.628,33.647,12.844,1.100,,,2.317,Saprolite
,,46,1.983,0.046,19.217,28.930,9.779,1.726,,,2.674,Saprolite
,,47,1.455,0.078,25.725,23.141,8.046,2.503,,,4.051,Saprolite
,,48,1.040,0.070,24.748,29.970,4.910,1.955,,,4.015,Saprolite
,,49,1.181,0.080,35.435,16.802,3.635,2.565,,,5.511,Saprolite
,,50,1.438,0.092,30.685,20.164,4.339,2.580,,,4.163,Saprolite
,,51,2.133,0.051,19.423,26.945,8.324,1.507,,,2.807,Saprolite
,,52,0.986,0.013,10.126,32.367,22.550,0.761,,,1.873,Bedrock
,,53,0.472,0.005,8.061,32.120,27.964,0.516,,,1.618,Bedrock
18,DDG 021,1,0.233,0.071,54.245,1.061,1.442,2.921,,,6.552,Limonite
,,2,0.192,0.068,54.046,0.383,1.055,2.849,,,8.262,Limonite
,,3,0.157,0.064,51.593,0.258,1.268,2.222,,,10.706,Limonite
,,4,0.230,0.062,45.560,0.708,1.167,2.382,,,11.062,Limonite
,,5,0.245,0.062,44.334,1.030,0.951,2.164,,,10.808,Limonite
,,6,0.207,0.048,35.576,7.128,1.230,1.637,,,15.960,Limonite
,,7,0.216,0.045,32.089,17.895,1.002,1.374,,,16.157,Limonite
,,8,0.227,0.045,31.776,16.769,1.136,1.488,,,15.571,Limonite
,,9,0.440,0.077,47.875,3.480,1.172,2.855,,,9.951,Limonite
,,10,0.514,0.082,49.858,0.396,1.202,3.308,,,8.089,Limonite
,,11,0.482,0.075,48.242,2.333,1.187,3.170,,,9.816,Limonite
,,12,0.800,0.086,52.346,1.062,1.218,2.524,,,8.299,Limonite
,,13,0.868,0.083,51.443,1.067,0.850,2.520,,,7.012,Limonite
,,14,0.962,0.083,53.199,1.664,1.116,2.503,,,6.695,Limonite
,,15,0.925,0.081,51.269,1.545,1.279,2.680,,,7.212,Limonite
,,16,1.005,0.084,52.321,1.999,1.127,2.557,,,6.608,Limonite
,,17,0.875,0.080,52.780,2.044,1.122,2.779,,,6.330,Limonite
,,18,1.161,0.081,50.202,1.738,1.203,3.704,,,6.000,Limonite
,,19,1.293,0.086,51.683,1.972,1.356,3.049,,,5.756,Limonite
,,20,1.394,0.088,52.910,1.743,0.947,2.934,,,5.150,Limonite
,,21,1.461,0.090,53.334,1.881,1.190,2.714,,,5.546,Limonite
,,22,1.244,0.084,51.204,1.716,1.051,3.037,,,6.201,Limonite
,,23,1.181,0.084,50.859,1.902,1.229,2.540,,,6.729,Limonite
,,24,0.815,0.090,51.857,2.069,1.257,3.649,,,6.280,Limonite
,,25,1.191,0.092,52.524,2.129,0.998,3.304,,,5.409,Limonite
,,26,1.200,0.102,52.140,2.445,1.908,2.951,,,5.841,Limonite
,,27,1.177,0.166,48.116,2.687,1.701,2.816,,,6.805,Limonite
,,28,1.346,0.133,41.304,11.045,1.534,2.607,,,5.358,Limonite
,,29,1.269,0.098,36.629,19.042,1.629,2.351,,,5.794,Limonite
,,30,0.850,0.127,38.818,14.495,1.874,2.890,,,5.576,Limonite
,,31,1.940,0.102,36.898,14.196,3.525,2.785,,,4.618,Saprolite
,,32,2.200,0.072,27.459,20.995,6.009,1.967,,,3.392,Saprolite
,,33,1.201,0.020,11.970,30.966,19.699,0.882,,,2.107,Saprolite
,,34,1.889,0.035,16.054,36.663,12.635,1.005,,,2.748,Saprolite
,,35,2.521,0.053,21.542,30.080,8.718,1.295,,,3.407,Saprolite
,,36,2.219,0.031,14.729,36.430,15.056,0.943,,,2.220,Saprolite
,,37,1.949,0.039,17.134,34.838,12.090,1.066,,,2.267,Saprolite
,,38,1.835,0.037,16.592,31.949,12.728,1.205,,,2.318,Saprolite
,,39,0.470,0.005,8.201,33.107,30.261,0.531,,,1.602,Bedrock
,,40,0.350,0.003,7.442,36.024,32.408,0.502,,,1.609,Bedrock
19,DDG 028,1,0.286,0.072,50.579,0.673,1.098,3.267,,,10.040,Limonite
,,2,0.278,0.065,45.758,0.919,1.900,3.170,,,11.443,Limonite
,,3,0.467,0.077,48.152,0.401,1.139,3.561,,,9.535,Limonite
,,4,0.655,0.082,49.243,0.756,1.084,2.521,,,8.710,Limonite
,,5,0.549,0.074,45.752,0.826,1.146,2.524,,,9.472,Limonite
,,6,0.907,0.086,51.109,1.036,1.111,3.217,,,7.078,Limonite
,,7,1.059,0.089,53.648,1.557,1.674,2.609,,,6.320,Limonite
,,8,1.262,0.089,53.898,1.613,1.499,2.899,,,5.978,Limonite
,,9,1.321,0.089,53.067,1.568,1.265,2.406,,,6.060,Limonite
,,10,1.285,0.087,51.071,2.280,2.930,2.331,,,6.774,Limonite
,,11,1.374,0.088,52.089,1.700,1.375,2.686,,,5.764,Limonite
,,12,1.400,0.087,52.440,1.835,1.522,2.692,,,6.320,Limonite
,,13,1.309,0.087,53.084,2.083,1.648,2.521,,,5.904,Limonite
,,14,1.141,0.085,51.941,1.756,1.272,2.915,,,5.847,Limonite
,,15,1.402,0.090,52.758,1.612,1.153,2.482,,,5.674,Limonite
,,16,1.422,0.089,50.928,1.498,1.110,2.330,,,5.913,Limonite
,,17,1.649,0.094,51.228,1.527,1.137,3.287,,,6.385,Limonite
,,18,1.445,0.100,53.184,1.622,1.185,2.435,,,6.288,Limonite
,,19,1.398,0.091,51.853,1.798,1.221,3.211,,,6.123,Limonite
,,20,1.228,0.095,51.624,1.537,1.417,2.570,,,6.427,Limonite
,,21,1.505,0.111,49.803,1.522,1.215,3.133,,,6.395,Limonite
,,22,1.449,0.097,52.545,2.047,1.617,2.911,,,5.663,Limonite
,,23,1.185,0.091,52.135,2.502,1.375,2.474,,,5.578,Limonite
,,24,1.457,0.119,48.381,3.549,1.252,3.482,,,6.727,Limonite
,,25,1.105,0.088,49.586,1.401,1.226,3.316,,,7.124,Limonite
,,26,1.227,0.098,52.840,1.544,1.353,2.456,,,6.035,Limonite
,,27,1.509,0.100,50.913,2.161,0.956,3.127,,,6.252,Limonite
,,28,1.340,0.119,50.559,2.040,1.183,2.567,,,5.635,Limonite
,,29,1.539,0.162,48.709,2.134,1.032,2.699,,,5.812,Limonite
,,30,1.443,0.159,49.092,3.015,1.125,2.686,,,5.707,Limonite
,,31,1.549,0.128,49.310,3.391,1.444,3.070,,,5.974,Limonite
,,32,1.537,0.153,45.496,6.788,1.409,2.499,,,5.242,Limonite
,,33,1.709,0.156,43.925,6.970,1.263,3.151,,,4.899,Limonite
,,34,1.792,0.142,49.608,3.348,1.248,3.122,,,5.186,Limonite
,,35,1.731,0.167,48.724,4.477,1.081,2.700,,,5.509,Limonite
,,36,1.538,0.185,41.923,11.647,1.607,2.526,,,4.618,Limonite
,,37,1.589,0.156,45.142,7.245,1.104,2.666,,,6.147,Limonite
,,38,1.594,0.154,40.875,11.129,1.869,3.008,,,5.549,Limonite
,,39,1.584,0.136,41.616,11.206,2.162,2.959,,,4.660,Limonite
,,40,1.433,0.156,37.742,18.013,1.872,2.855,,,3.926,Limonite
,,41,1.543,0.175,29.671,20.407,3.571,2.673,,,3.793,Saprolite
,,42,2.207,0.211,24.898,24.551,6.776,2.172,,,3.363,Saprolite
,,43,2.403,0.075,11.806,32.462,19.692,0.902,,,1.609,Saprolite
,,44,1.295,0.012,7.798,33.607,25.979,0.520,,,1.312,Bedrock
20,DDG 029,1,0.325,0.001,52.451,1.440,0.634,7.048,4.998,0.473,0.066,Limonite
,,2,0.188,0.001,51.491,1.044,0.491,6.128,5.776,0.358,0.053,Limonite
,,3,0.175,0.001,49.375,1.332,0.707,6.809,6.410,0.351,0.066,Limonite
,,4,0.138,0.001,48.266,1.018,0.593,4.438,8.761,0.267,0.051,Limonite
,,5,0.551,0.001,48.298,1.726,0.490,6.965,6.909,0.387,0.074,Limonite
,,6,0.426,0.001,43.277,2.165,0.536,6.327,8.957,0.370,0.077,Limonite
,,7,0.309,0.001,34.461,2.664,0.669,5.515,12.982,0.324,0.077,Limonite
,,8,0.565,0.001,46.390,2.284,0.563,6.865,7.368,0.475,0.073,Limonite
,,9,0.767,0.001,49.656,1.879,0.405,5.834,6.663,0.404,0.057,Limonite
,,10,0.878,0.001,49.334,2.007,0.465,5.415,6.647,0.360,0.057,Limonite
,,11,0.975,0.001,50.088,2.331,0.444,5.714,5.773,0.346,0.056,Limonite
,,12,1.080,0.001,50.426,2.907,0.460,6.995,4.595,0.350,0.065,Limonite
,,13,1.302,0.001,50.664,2.852,0.400,6.301,4.481,0.312,0.066,Limonite
,,14,1.255,0.001,47.975,2.776,0.463,6.205,5.346,0.323,0.060,Limonite
,,15,1.425,0.001,50.670,3.387,0.515,7.347,4.041,0.366,0.065,Limonite
,,16,1.290,0.113,46.577,2.505,0.557,4.246,7.394,1.102,0.068,Limonite
,,17,1.937,0.868,40.822,0.476,0.812,0.023,10.834,3.856,0.067,Limonite
,,18,1.621,0.086,46.845,4.229,0.796,5.777,5.405,1.305,0.079,Limonite
,,19,1.826,0.138,48.465,3.047,0.748,5.569,4.634,1.606,0.064,Limonite
,,20,0.897,0.055,44.201,3.011,0.642,5.070,7.751,0.918,0.091,Limonite
,,21,0.213,0.016,6.396,33.674,37.401,0.744,1.217,0.131,1.621,Limonite
,,22,0.828,0.225,39.799,6.277,1.277,2.427,10.274,1.413,0.118,Limonite
,,23,1.264,0.047,46.130,6.486,2.250,4.910,5.523,0.865,0.081,Limonite
,,24,1.510,0.225,35.940,14.712,4.389,2.621,6.263,1.697,0.106,Saprolite
,,25,1.004,0.032,29.973,28.467,8.651,3.283,4.091,0.556,0.315,Saprolite
,,26,2.208,0.095,32.734,20.102,5.728,3.067,4.052,0.951,0.458,Saprolite
,,27,0.266,0.016,6.170,32.583,36.170,0.721,0.886,0.141,1.462,Bedrock
,,28,0.312,0.016,6.615,34.048,32.107,0.776,1.404,0.140,1.622,Bedrock
21,DDG 025,1,0.206,0.070,53.130,0.907,1.106,3.259,,,6.532,Limonite
,,2,0.796,0.090,51.743,1.127,1.123,3.050,,,7.318,Limonite
,,3,0.823,0.085,52.417,0.874,1.068,3.048,,,7.624,Limonite
,,4,0.834,0.085,52.158,1.179,1.171,3.107,,,7.601,Limonite
,,5,0.915,0.093,50.863,1.110,0.942,3.311,,,7.621,Limonite
,,6,1.247,0.120,50.119,1.543,1.286,3.241,,,7.178,Limonite
,,7,1.368,0.115,51.669,1.910,1.359,3.042,,,6.463,Limonite
,,8,1.529,0.101,52.747,1.946,1.204,3.019,,,6.144,Limonite
,,9,1.518,0.104,52.326,1.939,1.380,3.344,,,5.964,Limonite
,,10,1.646,0.102,52.756,2.055,1.138,3.078,,,5.644,Limonite
,,11,1.785,0.132,49.224,2.183,1.433,3.566,,,5.919,Limonite
,,12,1.774,0.131,45.600,3.728,1.723,3.585,,,6.682,Limonite
,,13,1.722,0.114,48.528,2.251,1.521,2.926,,,7.891,Limonite
,,14,1.780,0.137,48.655,2.510,1.681,3.165,,,7.463,Limonite
,,15,1.390,0.185,46.979,1.884,1.361,3.115,,,6.527,Limonite
,,16,1.295,0.240,44.977,1.645,1.013,3.768,,,6.695,Limonite
,,17,1.262,0.144,48.170,2.133,1.299,4.824,,,6.293,Limonite
,,18,1.724,0.193,44.103,4.140,1.612,3.990,,,6.652,Limonite
,,19,0.231,0.002,7.277,33.105,33.534,0.454,,,1.503,Bedrock
,,20,0.226,0.002,6.978,32.802,33.284,0.457,,,1.394,Bedrock
,,21,0.153,0.001,5.796,17.319,18.580,0.370,,,1.054,Bedrock
22,DDG 026,1,0.273,0.073,52.363,0.805,1.301,3.469,,,7.671,Limonite
,,2,0.692,0.086,52.088,0.826,0.938,3.216,,,7.043,Limonite
,,3,0.744,0.087,52.567,0.681,1.021,3.085,,,7.175,Limonite
,,4,0.742,0.084,51.783,0.759,1.103,3.149,,,7.437,Limonite
,,5,0.904,0.092,50.741,0.847,1.168,2.976,,,7.364,Limonite
,,6,1.240,0.100,51.892,1.289,1.367,2.564,,,6.776,Limonite
,,7,1.272,0.103,52.780,1.224,0.899,2.342,,,5.879,Limonite
,,8,1.359,0.127,49.333,1.312,0.937,3.043,,,6.394,Limonite
,,9,1.409,0.130,49.893,1.273,1.283,2.647,,,6.320,Limonite
,,10,1.533,0.127,49.969,1.248,0.964,3.134,,,6.066,Limonite
,,11,1.756,0.158,49.699,1.312,1.093,3.000,,,6.027,Limonite
,,12,1.640,0.150,51.484,1.497,1.000,2.636,,,4.606,Limonite
,,13,1.526,0.126,49.802,1.291,1.276,3.566,,,6.002,Limonite
,,14,1.425,0.111,51.537,1.491,1.027,3.481,,,5.581,Limonite
,,15,1.488,0.129,51.529,1.647,1.177,3.029,,,5.678,Limonite
,,16,1.258,0.126,51.162,1.488,1.322,3.095,,,5.988,Limonite
,,17,1.250,0.145,50.279,1.532,1.064,3.193,,,6.333,Limonite
,,18,1.307,0.125,50.868,1.431,1.133,2.945,,,7.146,Limonite
,,19,1.381,0.131,48.592,0.286,0.006,3.111,,,2.359,Limonite
,,20,1.304,0.143,50.044,1.515,1.244,2.964,,,7.231,Limonite
,,21,1.348,0.141,49.541,1.590,1.249,3.074,,,6.851,Limonite
,,22,1.165,0.167,48.025,1.488,1.103,3.324,,,7.803,Limonite
,,23,1.197,0.141,50.147,1.537,1.058,3.121,,,7.001,Limonite
,,24,1.322,0.136,49.866,1.806,1.417,3.124,,,7.143,Limonite
,,25,1.566,0.131,49.712,1.968,1.345,3.251,,,7.180,Limonite
,,26,1.532,0.115,46.027,5.512,2.466,3.030,,,6.412,Limonite
,,27,0.248,0.003,7.709,34.635,32.671,0.544,,,1.617,Saprolite
,,28,1.434,0.090,31.274,19.287,4.460,2.653,,,4.664,Saprolite
,,29,1.254,0.078,30.690,18.894,5.761,3.121,,,4.585,Saprolite
,,30,1.362,0.066,26.942,18.219,8.387,1.899,,,4.522,Saprolite
,,31,0.865,0.016,11.427,30.611,17.402,0.955,,,2.439,Saprolite
,,32,0.675,0.005,8.009,33.133,28.460,0.495,,,1.671,Bedrock
,,33,0.422,0.004,7.847,34.020,29.033,0.510,,,1.843,Bedrock
23,DDG 027,1,0.969,0.088,50.993,1.908,2.032,3.059,,,7.200,Limonite
,,2,0.972,0.086,50.770,1.478,1.525,2.980,,,7.073,Limonite
,,3,0.748,0.079,49.461,0.969,1.468,2.984,,,8.304,Limonite
,,4,0.949,0.089,51.033,1.274,1.171,2.846,,,7.519,Limonite
,,5,1.270,0.134,48.886,1.558,1.174,2.954,,,6.563,Limonite
,,6,1.428,0.110,50.872,1.593,1.339,2.749,,,6.196,Limonite
,,7,1.392,0.111,51.118,2.050,1.779,3.043,,,5.965,Limonite
,,8,1.120,0.133,49.332,1.775,1.320,3.123,,,6.172,Limonite
,,9,1.578,0.109,50.615,2.442,2.780,3.408,,,5.951,Limonite
,,10,1.359,0.116,50.895,1.492,1.465,2.909,,,6.031,Limonite
,,11,1.499,0.139,48.870,1.650,1.541,3.248,,,6.217,Limonite
,,12,1.278,0.112,51.239,1.615,1.462,2.892,,,6.281,Limonite
,,13,1.446,0.115,50.830,1.502,1.501,2.914,,,6.093,Limonite
,,14,1.237,0.123,50.101,1.635,1.586,2.478,,,6.333,Limonite
,,15,1.177,0.137,47.121,1.336,1.222,3.193,,,7.613,Limonite
,,16,0.951,0.134,44.109,3.312,1.858,2.783,,,6.723,Limonite
,,17,1.149,0.203,44.282,2.635,1.598,2.672,,,6.575,Limonite
,,18,1.414,0.124,47.855,2.365,1.394,3.169,,,6.608,Limonite
,,19,1.379,0.128,48.851,2.407,1.552,3.143,,,7.075,Limonite
,,20,1.218,0.172,49.466,1.650,1.397,3.483,,,6.131,Limonite
,,21,1.520,0.478,28.631,1.168,1.552,2.875,,,4.900,Limonite
,,22,1.311,0.494,27.822,1.177,1.252,2.314,,,4.333,Limonite
,,23,1.217,0.137,49.812,2.445,2.201,3.363,,,6.207,Limonite
,,24,1.566,0.127,48.044,2.773,1.363,2.588,,,5.851,Limonite
,,25,1.276,0.125,47.887,2.469,1.319,3.934,,,5.947,Limonite
,,26,1.530,0.117,46.993,3.826,1.304,4.122,,,6.514,Limonite
,,27,1.503,0.106,40.391,11.593,4.050,3.377,,,5.946,Saprolite
,,28,1.849,0.092,34.242,16.273,8.249,2.928,,,4.577,Saprolite
,,29,1.899,0.033,13.684,29.326,22.555,1.124,,,1.795,Saprolite
,,30,1.164,0.003,7.363,34.810,31.473,0.487,,,1.139,Saprolite
,,31,1.648,0.009,8.890,34.868,27.856,0.628,,,1.375,Saprolite
,,32,1.572,0.012,9.623,35.653,26.840,0.658,,,1.417,Saprolite
,,33,1.687,0.030,14.092,33.998,21.925,0.907,,,2.254,Saprolite
,,34,1.597,0.046,18.701,32.569,15.891,1.342,,,2.711,Saprolite
,,35,1.668,0.041,17.801,27.875,18.036,1.307,,,2.423,Saprolite
,,36,1.334,0.027,13.524,28.252,20.533,1.068,,,2.062,Saprolite
,,37,1.474,0.042,17.693,28.039,17.486,1.332,,,2.359,Saprolite
,,38,0.669,0.005,7.868,31.317,27.612,0.426,,,1.161,Bedrock
,,39,1.383,0.025,9.848,32.786,21.823,0.658,,,1.595,Bedrock
,,40,0.816,0.012,9.444,32.655,24.555,0.656,,,1.498,Bedrock
,,41,0.594,0.007,8.581,34.309,27.595,0.584,,,1.595,Bedrock
24,DDG 015,1,0.245,0.001,51.229,4.062,1.159,8.785,4.053,0.423,0.086,Limonite
,,2,0.137,0.001,48.801,2.285,0.618,7.729,6.375,0.362,0.067,Limonite
,,3,0.164,0.001,43.417,2.767,0.539,7.075,8.245,0.347,0.080,Limonite
,,4,0.220,0.001,40.777,5.200,0.839,4.765,10.986,0.287,0.065,Limonite
,,5,0.258,0.021,36.842,12.824,0.645,2.473,13.630,0.238,0.058,Limonite
,,6,0.224,0.024,35.756,16.978,0.933,2.072,12.881,0.209,0.056,Limonite
,,7,0.287,0.036,32.714,19.986,0.769,1.370,14.639,0.182,0.050,Limonite
,,8,0.409,0.031,32.162,21.513,0.785,1.746,15.625,0.227,0.072,Limonite
,,9,0.608,0.001,45.353,7.347,0.642,4.768,8.728,0.400,0.072,Limonite
,,10,0.447,0.021,30.591,23.046,0.715,2.292,15.011,0.263,0.070,Limonite
,,11,0.490,0.009,34.941,18.436,0.743,3.163,12.785,0.311,0.079,Limonite
,,12,0.762,0.001,49.614,2.462,0.475,6.239,6.465,0.493,0.063,Limonite
,,13,0.794,0.001,49.884,2.166,0.557,5.906,6.301,0.485,0.059,Limonite
,,14,0.899,0.001,50.475,2.460,0.531,6.619,5.655,0.515,0.060,Limonite
,,15,0.833,0.001,49.949,2.001,0.451,6.065,6.159,0.487,0.065,Limonite
,,16,0.756,0.001,49.170,2.018,0.521,6.549,6.513,0.545,0.072,Limonite
,,17,0.959,0.001,48.851,2.489,0.448,5.519,6.445,0.410,0.062,Limonite
,,18,0.944,0.001,47.625,2.685,0.514,5.275,6.677,0.353,0.062,Limonite
,,19,0.887,0.001,46.773,2.480,0.540,5.312,7.211,0.381,0.064,Limonite
,,20,1.272,0.055,48.494,2.544,0.592,3.929,6.228,0.686,0.052,Limonite
,,21,1.098,0.017,48.097,4.089,0.449,4.951,6.256,0.673,0.071,Limonite
,,22,1.323,0.058,47.931,3.425,0.533,4.379,6.370,0.813,0.054,Limonite
,,23,1.352,0.089,48.103,2.869,0.570,3.706,6.475,0.853,0.056,Limonite
,,24,1.353,0.101,47.796,2.992,0.601,3.817,5.788,0.941,0.060,Limonite
,,25,1.373,0.001,49.544,4.247,0.601,6.972,4.317,0.695,0.061,Limonite
,,26,1.332,0.028,50.093,4.065,0.707,4.495,4.673,0.655,0.056,Limonite
,,27,1.454,0.001,47.548,7.846,0.512,7.023,5.032,0.526,0.063,Limonite
,,28,1.456,0.001,45.483,11.015,0.681,9.192,4.359,0.665,0.098,Limonite
,,29,1.574,0.001,48.594,5.317,0.686,7.314,4.461,0.672,0.085,Limonite
,,30,1.539,0.033,47.258,3.910,0.634,6.844,5.659,1.163,0.089,Limonite
,,31,1.476,0.085,45.547,5.423,0.800,6.421,6.107,1.422,0.097,Limonite
,,32,1.362,0.123,46.497,3.613,0.864,4.945,6.837,1.339,0.082,Limonite
,,33,1.495,0.046,47.988,4.433,0.724,6.170,5.477,1.117,0.084,Limonite
,,34,1.424,0.001,49.231,5.565,0.629,6.738,4.046,0.874,0.077,Limonite
,,35,1.310,0.011,42.638,12.636,0.871,5.116,5.335,0.702,0.088,Limonite
,,36,1.436,0.331,31.682,15.473,2.038,-0.220,8.239,1.649,0.099,Saprolite
,,37,1.103,0.367,23.408,25.937,1.249,-1.561,5.806,1.820,0.084,Saprolite
,,38,1.061,0.172,23.075,37.440,1.819,0.891,5.094,1.584,0.093,Saprolite
,,39,1.864,0.036,18.582,33.236,11.888,2.090,2.418,0.466,1.238,Saprolite
,,40,2.296,0.031,21.812,33.955,6.883,2.855,3.362,0.548,0.835,Saprolite
,,41,2.004,0.061,25.071,31.693,6.769,2.432,3.344,0.722,0.557,Saprolite
,,42,1.290,0.066,30.673,29.020,2.434,2.474,4.336,0.730,0.106,Saprolite
,,43,1.528,0.075,31.503,25.991,3.615,3.188,4.215,0.930,0.273,Saprolite
,,44,0.677,0.025,12.084,37.622,22.597,1.363,2.167,0.282,1.678,Saprolite
,,45,0.288,0.017,6.350,35.006,38.712,0.616,1.089,0.132,1.404,Bedrock
,,46,0.553,0.017,7.331,39.548,29.918,0.761,1.328,0.187,1.287,Bedrock
25,DDG 016,1,0.125,0.001,42.956,2.774,0.647,7.136,9.564,0.374,0.090,Limonite
,,2,0.137,0.001,41.404,2.616,0.442,5.188,12.179,0.309,0.076,Limonite
,,3,0.142,0.001,35.856,4.333,0.527,3.689,14.472,0.251,0.069,Limonite
,,4,0.230,0.039,34.310,16.500,0.657,1.538,15.264,0.215,0.063,Limonite
,,5,0.226,0.001,33.020,9.793,0.628,3.528,14.248,0.247,0.085,Limonite
,,6,0.225,0.034,31.845,20.783,0.550,1.417,15.431,0.182,0.054,Limonite
,,7,0.312,0.012,33.917,18.949,0.666,2.887,13.288,0.280,0.089,Limonite
,,8,0.641,0.001,49.794,2.380,0.792,6.947,6.150,0.512,0.067,Limonite
,,9,0.690,0.001,49.033,3.437,0.535,6.376,6.668,0.475,0.076,Limonite
,,10,0.696,0.001,50.372,1.813,0.498,6.868,6.190,0.562,0.065,Limonite
,,11,0.787,0.001,50.250,1.970,0.441,6.365,6.264,0.519,0.056,Limonite
,,12,0.883,0.019,49.681,2.046,0.468,5.308,6.864,0.759,0.068,Limonite
,,13,0.951,0.001,50.910,2.392,0.529,5.393,5.753,0.409,0.074,Limonite
,,14,0.863,0.001,50.077,2.078,0.463,5.252,6.440,0.423,0.060,Limonite
,,15,0.827,0.001,49.792,2.033,0.491,6.226,5.919,0.475,0.056,Limonite
,,16,0.894,0.001,50.621,1.917,0.424,5.884,6.026,0.474,0.057,Limonite
,,17,0.903,0.001,50.637,2.059,0.438,6.172,5.806,0.485,0.067,Limonite
,,18,0.861,0.001,50.516,1.874,0.453,6.314,6.048,0.518,0.062,Limonite
,,19,0.927,0.046,48.531,1.770,0.394,5.049,7.693,0.878,0.059,Limonite
,,20,0.927,0.031,48.845,1.949,0.446,5.318,6.958,0.834,0.066,Limonite
,,21,0.880,0.001,49.294,1.886,0.447,5.317,6.691,0.565,0.061,Limonite
,,22,0.954,0.012,49.042,1.919,0.487,4.798,6.689,0.603,0.054,Limonite
,,23,1.027,0.001,49.096,2.383,0.466,5.664,6.010,0.600,0.073,Limonite
,,24,1.011,0.009,48.801,2.276,0.469,5.002,6.316,0.626,0.074,Limonite
,,25,1.002,0.007,49.479,2.385,0.447,4.877,6.271,0.590,0.050,Limonite
,,26,1.030,0.001,49.243,3.380,0.446,6.017,5.218,0.525,0.070,Limonite
,,27,1.082,0.001,48.568,3.351,0.467,6.417,5.144,0.675,0.074,Limonite
,,28,1.157,0.001,46.453,3.931,0.460,6.819,5.658,0.769,0.079,Limonite
,,29,1.283,0.001,47.664,5.204,0.531,7.748,4.979,0.769,0.085,Limonite
,,30,1.472,0.001,48.724,3.757,0.554,8.857,3.792,0.664,0.083,Limonite
,,31,1.381,0.001,50.472,3.459,0.507,7.640,4.160,0.775,0.080,Limonite
,,32,1.286,0.089,48.070,2.709,0.608,5.337,5.717,1.185,0.093,Limonite
,,33,1.692,0.389,44.936,1.911,0.778,3.555,7.206,2.539,0.076,Limonite
,,34,1.486,0.001,48.261,6.465,0.741,8.287,4.089,0.899,0.090,Limonite
,,35,1.478,0.192,41.970,9.341,0.726,6.188,5.723,2.239,0.083,Limonite
,,36,1.122,0.169,37.423,17.176,0.715,4.654,5.421,1.791,0.103,Limonite
,,37,1.486,0.518,43.264,1.509,0.820,0.143,8.350,2.122,0.089,Limonite
,,38,1.620,0.534,33.949,5.169,1.185,-0.775,15.008,2.434,0.111,Limonite
,,39,1.209,0.164,31.778,27.320,1.213,0.772,5.334,1.081,0.058,Limonite
,,40,1.653,0.221,17.059,42.793,5.704,0.430,5.551,2.632,0.089,Saprolite
,,41,2.102,0.102,27.989,29.195,3.969,3.503,4.157,1.306,0.383,Saprolite
,,42,0.825,0.016,6.709,37.679,32.664,0.697,1.227,0.140,1.640,Bedrock
26,DDG 017,1,0.135,0.001,37.583,5.388,0.664,9.430,8.034,0.401,0.130,Limonite
,,2,0.108,0.001,37.242,4.694,0.612,9.135,8.414,0.373,0.097,Limonite
,,3,0.136,0.001,37.087,4.918,0.646,8.981,8.613,0.397,0.115,Limonite
,,4,0.122,0.001,27.508,7.312,0.574,6.981,11.527,0.292,0.107,Limonite
,,5,0.183,0.001,29.660,11.585,0.673,4.924,13.699,0.271,0.095,Limonite
,,6,0.197,0.021,33.238,12.796,0.621,2.298,16.696,0.217,0.055,Limonite
,,7,0.203,0.036,34.300,15.574,0.648,1.568,15.741,0.198,0.043,Limonite
,,8,0.482,0.001,49.676,3.732,0.618,3.770,8.315,0.304,0.046,Limonite
,,9,0.712,0.001,48.870,2.876,0.534,7.643,6.470,0.523,0.087,Limonite
,,10,0.763,0.001,49.849,2.173,0.503,7.087,6.323,0.517,0.069,Limonite
,,11,0.726,0.001,49.904,1.549,0.436,5.456,7.136,0.496,0.064,Limonite
,,12,0.783,0.001,49.946,1.702,0.442,5.788,6.551,0.472,0.048,Limonite
,,13,0.770,0.001,50.334,1.904,0.486,6.555,5.938,0.493,0.065,Limonite
,,14,0.758,0.001,49.873,1.977,0.487,6.872,6.198,0.498,0.071,Limonite
,,15,0.818,0.001,49.488,2.026,0.509,5.798,6.461,0.437,0.061,Limonite
,,16,0.855,0.001,49.685,2.174,0.469,5.755,6.185,0.377,0.056,Limonite
,,17,0.827,0.001,48.825,2.145,0.455,5.574,6.546,0.374,0.068,Limonite
,,18,0.802,0.001,47.986,2.058,0.456,5.203,7.010,0.351,0.063,Limonite
,,19,0.758,0.001,45.973,2.355,0.475,6.180,7.082,0.365,0.055,Limonite
,,20,0.817,0.001,50.709,2.255,0.462,7.329,5.283,0.451,0.068,Limonite
,,21,0.822,0.001,51.345,2.022,0.461,6.307,5.349,0.456,0.071,Limonite
,,22,0.875,0.001,50.962,2.014,0.462,5.757,5.786,0.375,0.052,Limonite
,,23,0.922,0.001,50.733,2.111,0.453,5.663,5.797,0.365,0.062,Limonite
,,24,0.908,0.001,50.407,2.504,0.474,5.969,5.775,0.563,0.057,Limonite
,,25,0.965,0.072,49.475,1.844,0.549,5.085,6.721,1.054,0.060,Limonite
,,26,0.981,0.001,50.356,2.433,0.501,7.684,5.367,0.900,0.081,Limonite
,,27,0.969,0.001,50.627,2.917,0.609,9.196,4.575,0.953,0.081,Limonite
,,28,0.859,0.001,51.895,3.021,0.504,8.699,4.130,0.528,0.073,Limonite
,,29,0.949,0.001,48.771,4.311,0.434,4.996,6.712,0.472,0.060,Limonite
,,30,1.406,0.001,49.687,5.020,0.478,7.667,4.352,0.694,0.082,Limonite
,,31,1.596,0.001,51.312,5.064,0.527,9.875,2.956,0.479,0.095,Limonite
,,32,1.523,0.001,49.543,6.403,0.793,9.848,3.267,0.520,0.083,Limonite
,,33,1.684,0.072,46.320,6.032,1.363,6.607,5.169,1.390,0.084,Limonite
,,34,1.484,0.058,47.396,5.546,1.025,5.731,5.603,1.126,0.067,Limonite
,,35,1.287,0.141,36.534,17.181,2.287,3.736,6.951,1.431,0.090,Limonite
,,36,1.313,0.176,38.832,12.434,1.418,1.770,6.432,1.060,0.063,Limonite
,,37,1.928,1.950,34.179,2.155,3.718,-5.772,13.814,5.302,0.072,Saprolite
,,38,1.350,0.154,38.835,13.842,3.355,4.065,4.823,1.531,0.240,Saprolite
,,39,0.703,0.018,8.681,38.778,26.496,0.923,1.635,0.176,1.007,Saprolite
,,40,1.056,0.168,26.031,35.709,1.122,1.620,4.904,1.729,0.108,Saprolite
,,41,0.835,0.148,19.196,47.842,1.677,0.636,4.186,1.836,0.085,Saprolite
,,42,1.196,0.218,22.205,37.154,3.114,1.604,5.543,2.707,0.140,Saprolite
,,43,1.284,0.068,20.141,46.330,3.526,0.720,3.150,0.690,0.251,Saprolite
,,44,1.607,0.059,19.377,42.086,6.754,0.801,2.827,0.518,0.401,Saprolite
,,45,2.384,0.084,16.603,34.598,18.477,1.480,2.399,1.019,0.471,Saprolite
,,46,1.777,0.019,8.151,38.214,29.478,0.736,1.191,0.162,0.532,Bedrock
,,47,0.808,0.017,6.732,36.401,34.940,0.562,1.190,0.124,0.540,Bedrock
27,DDG 022,1,0.659,0.001,48.264,4.574,1.061,5.647,5.906,0.645,0.092,Limonite
,,2,0.125,0.001,50.477,0.970,0.619,5.242,7.109,0.311,0.053,Limonite
,,3,0.088,0.001,50.715,0.841,0.512,4.515,7.473,0.267,0.048,Limonite
,,4,0.209,0.001,36.975,3.802,0.779,3.752,15.252,0.265,0.064,Limonite
,,5,0.487,0.001,44.577,3.739,0.610,5.687,8.788,0.395,0.064,Limonite
,,6,0.641,0.001,48.659,3.249,0.597,6.859,6.857,0.471,0.068,Limonite
,,7,0.700,0.001,50.685,1.461,0.493,6.191,6.362,0.524,0.063,Limonite
,,8,0.731,0.001,50.524,2.335,1.271,5.973,6.326,0.500,0.057,Limonite
,,9,0.787,0.001,51.165,1.828,0.555,5.480,6.181,0.388,0.059,Limonite
,,10,0.805,0.001,51.241,1.873,0.541,5.782,5.985,0.425,0.070,Limonite
,,11,0.911,0.001,51.058,2.147,0.502,6.119,5.613,0.432,0.072,Limonite
,,12,0.838,0.001,51.166,1.919,0.539,6.479,5.777,0.480,0.072,Limonite
,,13,0.818,0.001,50.172,1.796,0.470,5.509,6.508,0.460,0.068,Limonite
,,14,0.811,0.001,49.039,2.166,0.594,5.662,6.494,0.394,0.052,Limonite
,,15,0.802,0.001,47.997,2.230,0.490,5.265,7.011,0.347,0.063,Limonite
,,16,0.801,0.001,48.047,2.206,0.438,5.669,6.857,0.358,0.061,Limonite
,,17,0.801,0.001,48.124,2.228,0.474,5.882,6.594,0.372,0.067,Limonite
,,18,0.822,0.001,50.333,2.171,0.457,6.292,5.884,0.412,0.064,Limonite
,,19,0.857,0.001,50.786,2.253,0.481,6.582,5.538,0.420,0.071,Limonite
,,20,0.840,0.001,50.291,2.271,0.384,6.080,5.726,0.373,0.055,Limonite
,,21,0.823,0.001,51.014,2.256,0.462,7.331,5.057,0.451,0.071,Limonite
,,22,0.844,0.001,51.352,2.054,0.419,5.966,5.397,0.436,0.054,Limonite
,,23,0.786,0.001,50.896,1.965,0.418,6.537,5.634,0.444,0.065,Limonite
,,24,0.915,0.001,50.174,2.257,0.456,5.901,5.626,0.378,0.059,Limonite
,,25,0.822,0.001,51.787,2.527,0.505,8.550,4.386,0.499,0.074,Limonite
,,26,0.851,0.001,51.940,2.908,0.451,8.493,4.046,0.480,0.071,Limonite
,,27,0.995,0.001,51.960,2.462,0.424,6.734,4.852,0.441,0.069,Limonite
,,28,1.038,0.001,52.271,2.956,0.433,8.493,3.769,0.507,0.076,Limonite
,,29,1.210,0.001,52.665,2.235,0.446,5.962,4.293,0.475,0.060,Limonite
,,30,1.361,0.001,53.668,3.693,0.512,8.987,2.723,0.472,0.074,Limonite
,,31,1.606,0.001,49.798,3.807,0.807,6.779,4.394,0.406,0.072,Limonite
,,32,1.538,0.001,51.090,2.998,0.664,6.063,4.204,0.432,0.054,Limonite
,,33,1.571,0.001,54.281,2.901,0.508,6.098,2.434,0.581,0.061,Limonite
,,34,1.666,0.618,39.986,2.155,1.172,-0.991,9.827,2.362,0.064,Saprolite
,,35,1.653,0.688,32.233,6.382,5.384,-1.255,10.262,3.089,0.113,Saprolite
,,36,2.025,0.559,30.526,12.120,3.872,0.925,6.721,3.505,0.271,Saprolite
,,37,2.005,0.334,32.480,15.291,3.657,1.689,4.958,2.334,0.336,Saprolite
,,38,0.965,0.139,18.271,33.848,14.552,1.104,3.794,1.388,0.856,Saprolite
,,39,2.088,0.186,19.759,30.226,11.624,0.806,4.038,1.578,1.472,Saprolite
,,40,0.305,0.017,6.393,34.939,36.425,0.695,1.325,0.137,1.611,Bedrock
,,41,0.311,0.017,6.963,36.352,32.143,0.752,1.475,0.150,1.434,Bedrock
28,DDG 030,1,0.280,0.070,50.090,2.433,2.986,3.251,,,6.428,Limonite
,,2,0.262,0.072,51.926,0.461,1.111,4.335,,,7.313,Limonite
,,3,0.304,0.072,51.711,0.438,1.169,3.379,,,8.075,Limonite
,,4,0.307,0.068,48.734,0.796,1.587,2.688,,,9.999,Limonite
,,5,0.247,0.059,43.446,0.585,1.280,2.150,,,10.552,Limonite
,,6,0.147,0.051,42.361,0.917,1.378,1.566,,,11.482,Limonite
,,7,0.338,0.064,44.546,2.415,1.185,2.206,,,9.311,Limonite
,,8,0.397,0.064,43.201,4.396,1.414,2.938,,,10.018,Limonite
,,9,0.475,0.071,43.666,6.169,1.503,2.716,,,10.818,Limonite
,,10,0.784,0.090,52.206,1.352,1.806,2.797,,,7.912,Limonite
,,11,0.673,0.086,52.101,0.696,1.190,2.976,,,8.164,Limonite
,,12,0.906,0.088,53.195,1.153,1.486,2.510,,,7.584,Limonite
,,13,0.808,0.088,52.888,1.055,1.202,2.502,,,7.798,Limonite
,,14,0.868,0.086,52.389,1.145,1.292,2.608,,,7.476,Limonite
,,15,0.830,0.093,51.736,0.997,1.154,2.563,,,8.149,Limonite
,,16,0.920,0.099,51.234,1.043,1.421,2.611,,,7.797,Limonite
,,17,0.983,0.100,51.559,0.977,1.094,2.541,,,7.811,Limonite
,,18,1.051,0.106,51.243,0.958,0.981,2.586,,,7.592,Limonite
,,19,1.181,0.110,51.261,1.229,1.287,2.630,,,7.016,Limonite
,,20,1.219,0.101,51.515,1.437,1.112,2.988,,,6.721,Limonite
,,21,1.462,0.104,51.211,2.104,1.661,3.145,,,6.063,Limonite
,,22,1.517,0.106,50.854,2.287,1.961,3.206,,,5.980,Limonite
,,23,1.602,0.128,50.077,1.674,1.169,3.215,,,5.912,Limonite
,,24,1.627,0.124,48.432,1.747,1.248,3.720,,,6.089,Limonite
,,25,1.369,0.131,50.085,1.461,1.181,3.159,,,6.051,Limonite
,,26,1.324,0.099,51.761,1.679,1.127,3.334,,,6.423,Limonite
,,27,1.544,0.144,46.957,1.554,1.425,3.476,,,6.025,Limonite
,,28,0.945,0.145,45.462,1.663,1.457,5.664,,,5.653,Limonite
,,29,1.191,0.163,49.166,1.891,1.062,3.724,,,4.898,Limonite
,,30,1.607,0.179,44.324,1.611,1.110,2.421,,,5.215,Limonite
,,31,1.298,0.150,49.303,1.945,1.406,3.447,,,5.045,Limonite
,,32,1.229,0.110,48.930,2.302,1.395,4.988,,,5.678,Limonite
,,33,1.457,0.109,46.297,4.728,1.136,3.290,,,5.392,Limonite
,,34,1.515,0.110,35.787,15.304,1.523,2.280,,,5.196,Saprolite
,,35,2.321,0.092,36.192,15.622,2.977,2.872,,,5.123,Saprolite
,,36,1.693,0.095,35.416,14.385,4.912,2.991,4.782,,,Saprolite
,,37,0.618,0.006,7.861,33.266,26.078,0.488,1.850,,,Bedrock
,,38,1.039,0.015,10.611,32.303,21.652,0.801,2.412,,,Bedrock
,,39,0.707,0.008,8.789,33.396,26.482,0.570,1.821,,,Bedrock
29,DDG 031,1,0.673,0.086,49.671,3.943,1.964,3.024,6.342,,,Limonite
,,2,0.325,0.075,54.643,0.195,1.232,2.853,7.325,,,Limonite
,,3,0.310,0.072,52.543,0.454,1.084,2.816,8.112,,,Limonite
,,4,0.403,0.075,50.937,0.441,1.088,2.643,9.578,,,Limonite
,,5,0.229,0.058,43.273,0.403,1.029,2.169,13.042,,,Limonite
,,6,0.200,0.059,47.535,0.438,1.244,1.770,10.310,,,Limonite
,,7,0.122,0.054,45.833,0.681,1.203,1.786,9.543,,,Limonite
,,8,0.229,0.052,40.056,1.083,1.739,2.004,13.362,,,Limonite
,,9,0.541,0.083,52.801,0.847,2.064,2.870,8.432,,,Limonite
,,10,0.488,0.059,40.464,1.058,1.533,2.151,12.147,,,Limonite
,,11,0.668,0.084,52.434,0.564,0.993,2.938,8.071,,,Limonite
,,12,0.758,0.085,52.243,2.431,3.647,2.579,8.384,,,Limonite
,,13,0.715,0.085,52.151,1.744,2.648,2.789,7.940,,,Limonite
,,14,0.736,0.084,51.480,1.691,2.220,2.700,8.268,,,Limonite
,,15,0.790,0.084,51.597,1.910,2.350,2.640,8.606,,,Limonite
,,16,0.832,0.082,51.399,2.501,3.199,2.714,8.659,,,Limonite
,,17,0.817,0.089,50.925,2.178,2.638,2.723,8.152,,,Limonite
,,18,0.821,0.094,50.846,1.250,1.218,2.494,7.844,,,Limonite
,,19,0.843,0.001,48.138,1.967,0.435,5.234,7.049,0.452,0.060,Limonite
,,20,0.824,0.001,48.928,2.179,0.463,6.091,6.390,0.552,0.059,Limonite
,,21,0.849,0.001,48.867,2.092,0.431,6.242,5.965,0.457,0.065,Limonite
,,22,0.784,0.001,48.852,1.994,0.465,6.175,6.424,0.457,0.056,Limonite
,,23,0.966,0.001,50.993,2.545,0.404,5.528,5.186,0.336,0.055,Limonite
,,24,1.262,0.001,50.689,2.430,0.446,5.022,5.171,0.330,0.051,Limonite
,,25,1.255,0.001,51.177,2.791,0.430,6.066,4.296,0.427,0.055,Limonite
,,26,1.180,0.001,52.256,3.804,0.535,8.846,3.201,0.485,0.072,Limonite
,,27,1.098,0.279,45.734,2.066,0.537,3.736,7.597,1.944,0.079,Limonite
,,28,1.333,0.300,45.541,1.823,0.652,3.285,7.736,1.934,0.069,Limonite
,,29,1.694,0.133,47.754,2.409,0.553,5.360,5.660,1.473,0.074,Limonite
,,30,1.452,0.397,44.786,2.327,0.867,4.550,7.835,2.924,0.079,Limonite
,,31,1.692,0.001,49.753,3.408,0.651,7.934,4.189,0.981,0.085,Limonite
,,32,1.603,0.188,46.664,3.077,0.454,6.509,5.753,2.081,0.095,Limonite
,,33,2.132,0.383,43.497,2.722,0.930,5.387,8.229,3.156,0.092,Limonite
,,34,2.107,0.610,42.433,1.679,1.065,3.383,9.028,3.826,0.086,Limonite
,,35,1.433,0.175,44.010,6.409,0.911,4.936,5.680,1.666,0.087,Limonite
,,36,1.341,0.329,39.313,9.521,2.784,3.574,7.463,2.404,0.099,Limonite
,,37,1.004,0.138,36.109,19.287,1.410,4.488,5.774,1.617,0.087,Limonite
,,38,1.129,0.069,45.680,8.158,1.378,7.156,5.381,1.525,0.102,Limonite
,,39,1.394,0.122,43.788,9.578,1.928,5.677,6.067,1.587,0.099,Limonite
,,40,1.761,0.092,34.416,21.693,3.673,4.289,4.653,1.242,0.182,Saprolite
,,41,0.979,0.078,18.277,46.646,5.261,1.211,3.898,0.984,0.589,Saprolite
,,42,0.206,0.015,5.905,33.281,37.167,0.729,1.116,0.125,1.382,Bedrock
,,43,0.197,0.014,5.549,33.771,36.836,0.687,1.073,0.123,1.467,Bedrock
